"","year","hum_dist","pub.site","site","ppq","DEM","area_2d","area_3d","rug","vrm","curv","pro.curv","plan.curv","region.kb","island.side","region.3","region.4","region.full","hdist.cont","sqrt.hdist.cont"
"1","2015","Very Low","VL3","5",1,1,16.00663,37.82685,2.3632,0.09005,28.43096,-284.45926,-256.0283,"Vaskes","Leeward","South Shore","Vaskess Bay","Vaskess Bay",0,0
"2","2015","Very Low","VL3","5",2,1,16.02239,35.68076,2.22693,0.08478,-10.46839,-417.36999,-427.83836,"Vaskes","Leeward","South Shore","Vaskess Bay","Vaskess Bay",0,0
"3","2015","Very Low","VL3","5",3,1,16.01333,31.64109,1.97592,0.07094,10.22411,-134.63692,-124.41281,"Vaskes","Leeward","South Shore","Vaskess Bay","Vaskess Bay",0,0
"4","2015","Very High","VH1","27",1,1,15.99876,24.52567,1.53297,0.04484,-13.73462,286.98938,273.25477,"N.Lagoon","Leeward","Leeward","Leeward","North Lagoon",7276,85.2994724485445
"5","2015","Very High","VH1","27",2,1,16.00535,24.4374,1.52683,0.04193,5.20763,219.90472,225.11235,"N.Lagoon","Leeward","Leeward","Leeward","North Lagoon",7276,85.2994724485445
"6","2015","Very High","VH1","27",3,1,16.00504,23.67035,1.47893,0.04562,6.4818,230.87942,237.36122,"N.Lagoon","Leeward","Leeward","Leeward","North Lagoon",7276,85.2994724485445
"7","2015","Very High","VH3","30",1,1,16.00174,37.65534,2.3532,0.076,51.41088,-47.73393,3.67696,"N.Lagoon","Leeward","Leeward","Leeward","North Lagoon",5085.68478,71.3139872675761
"8","2015","Very High","VH3","30",2,1,15.99807,30.39497,1.89991,0.05724,5.43773,224.84395,230.28169,"N.Lagoon","Leeward","Leeward","Leeward","North Lagoon",5085.68478,71.3139872675761
"9","2015","Very High","VH3","30",3,1,16.01118,28.66715,1.79045,0.0592,-16.91448,300.99317,284.0787,"N.Lagoon","Leeward","Leeward","Leeward","North Lagoon",5085.68478,71.3139872675761
"10","2015","Medium","M1","8",1,1,16.00881,28.69766,1.79262,0.07319,28.69497,34.64098,63.33595,"S.Lagoon","Leeward","Leeward","Leeward","South Lagoon",1212.82819,34.8256829078771
"11","2015","Medium","M1","8",2,1,16.00972,33.49165,2.09196,0.0909,46.04387,-212.06297,-166.01911,"S.Lagoon","Leeward","Leeward","Leeward","South Lagoon",1212.82819,34.8256829078771
"12","2015","Medium","M1","8",3,1,16.01384,28.51803,1.78084,0.06025,-2.54636,103.79142,101.24506,"S.Lagoon","Leeward","Leeward","Leeward","South Lagoon",1212.82819,34.8256829078771
"13","2015","Very High","VH2","32",1,1,16.0083,29.16348,1.82177,0.06613,11.92347,-6.66107,5.2624,"N.Lagoon","Leeward","Leeward","Leeward","Mid Lagoon",4860.7457,69.7190483297069
"14","2015","Very High","VH2","32",2,1,16.0163,25.65525,1.60182,0.06237,-5.27156,178.06504,172.79348,"N.Lagoon","Leeward","Leeward","Leeward","Mid Lagoon",4860.7457,69.7190483297069
"15","2015","Very High","VH2","32",3,1,16.00447,24.53674,1.53312,0.05346,-3.01614,185.98534,182.9692,"N.Lagoon","Leeward","Leeward","Leeward","Mid Lagoon",4860.7457,69.7190483297069
"16","2015","Medium","M3","34",1,1,16.00784,30.87631,1.92882,0.06978,-1.99482,95.1055,93.11068,"S.Lagoon","Leeward","Leeward","Leeward","South Lagoon",1212.82819,34.8256829078771
"17","2015","Medium","M3","34",2,1,16.0031,28.83118,1.8016,0.06928,31.03026,104.35264,135.3829,"S.Lagoon","Leeward","Leeward","Leeward","South Lagoon",1212.82819,34.8256829078771
"18","2015","Medium","M3","34",3,1,16.00392,29.63807,1.85193,0.07234,13.06869,136.25805,149.32673,"S.Lagoon","Leeward","Leeward","Leeward","South Lagoon",1212.82819,34.8256829078771
"19","2015","Medium","M2","35",1,1,16.00591,26.39876,1.64931,0.05375,21.92695,131.0193,152.94625,"S.Lagoon","Leeward","Leeward","Leeward","South Lagoon",1212.82819,34.8256829078771
"20","2015","Medium","M2","35",2,1,16.00473,31.04983,1.94004,0.06925,48.29471,104.35529,152.65,"S.Lagoon","Leeward","Leeward","Leeward","South Lagoon",1212.82819,34.8256829078771
"21","2015","Medium","M2","35",3,1,16.00504,35.81899,2.23798,0.08512,-7.87282,-60.11308,-67.9859,"S.Lagoon","Leeward","Leeward","Leeward","South Lagoon",1212.82819,34.8256829078771
"22","2015","Very Low","VL1","15",1,1,15.98005,33.30464,2.08414,0.08435,-44.0828,-85.80637,-129.88917,"BOW","Windward","Windward","Bay of Wrecks","Bay of Wrecks",0,0
"23","2015","Very Low","VL1","15",2,1,16.00737,44.13456,2.75714,0.10977,-9.93691,-401.93005,-411.86695,"BOW","Windward","Windward","Bay of Wrecks","Bay of Wrecks",0,0
"24","2015","Very Low","VL1","15",3,1,16.00391,44.80773,2.7998,0.11092,1.40888,-346.24354,-344.83466,"BOW","Windward","Windward","Bay of Wrecks","Bay of Wrecks",0,0
"25","2015","Very Low","VL3","19",1,1,16.00236,41.1023,2.56851,0.11073,2.93432,-458.81829,-455.88397,"BOW","Windward","Windward","Bay of Wrecks","Bay of Wrecks",0,0
"26","2015","Very Low","VL3","19",2,1,16.00487,34.78813,2.1736,0.09081,-6.91428,-297.13655,-304.05083,"BOW","Windward","Windward","Bay of Wrecks","Bay of Wrecks",0,0
"27","2015","Very Low","VL3","5",1,8,16.00663,21.34386,1.33344,0.07599,11.16566,23.28326,34.44891,"Vaskes","Leeward","South Shore","Vaskess Bay","Vaskess Bay",0,0
"28","2015","Very Low","VL3","5",2,8,16.02239,21.74886,1.3574,0.07006,-17.60075,12.8722,-4.72855,"Vaskes","Leeward","South Shore","Vaskess Bay","Vaskess Bay",0,0
"29","2015","Very Low","VL3","5",3,8,16.01333,19.46078,1.21529,0.05123,28.21901,-3.46423,24.75478,"Vaskes","Leeward","South Shore","Vaskess Bay","Vaskess Bay",0,0
"30","2015","Very High","VH1","27",1,8,15.99876,18.34028,1.14636,0.04064,-6.19688,100.23099,94.03412,"N.Lagoon","Leeward","Leeward","Leeward","North Lagoon",7276,85.2994724485445
"31","2015","Very High","VH1","27",2,8,16.00535,18.29991,1.14336,0.03884,2.57403,59.82929,62.40332,"N.Lagoon","Leeward","Leeward","Leeward","North Lagoon",7276,85.2994724485445
"32","2015","Very High","VH1","27",3,8,16.00504,17.47931,1.09211,0.02884,4.80642,60.22814,65.03456,"N.Lagoon","Leeward","Leeward","Leeward","North Lagoon",7276,85.2994724485445
"33","2015","Very High","VH3","30",1,8,16.00174,24.19481,1.51201,0.08909,24.81584,55.47518,80.29102,"N.Lagoon","Leeward","Leeward","Leeward","North Lagoon",5085.68478,71.3139872675761
"34","2015","Very High","VH3","30",2,8,15.99792,21.0593,1.31638,0.0545,-9.04595,103.6073,94.56136,"N.Lagoon","Leeward","Leeward","Leeward","North Lagoon",5085.68478,71.3139872675761
"35","2015","Very High","VH3","30",3,8,16.01118,19.79531,1.23634,0.05395,-9.444,115.36604,105.92203,"N.Lagoon","Leeward","Leeward","Leeward","North Lagoon",5085.68478,71.3139872675761
"36","2015","Medium","M1","8",1,8,16.00881,18.55915,1.15931,0.03923,22.82904,24.53572,47.36476,"S.Lagoon","Leeward","Leeward","Leeward","South Lagoon",1212.82819,34.8256829078771
"37","2015","Medium","M1","8",2,8,16.00972,20.35748,1.27157,0.05811,45.41586,17.79539,63.21125,"S.Lagoon","Leeward","Leeward","Leeward","South Lagoon",1212.82819,34.8256829078771
"38","2015","Medium","M1","8",3,8,16.01384,19.19765,1.19882,0.04116,-0.47173,29.37697,28.90525,"S.Lagoon","Leeward","Leeward","Leeward","South Lagoon",1212.82819,34.8256829078771
"39","2015","Very High","VH2","32",1,8,16.0083,18.91985,1.18188,0.04423,9.29343,49.07199,58.36542,"N.Lagoon","Leeward","Leeward","Leeward","Mid Lagoon",4860.7457,69.7190483297069
"40","2015","Very High","VH2","32",2,8,16.0163,17.51249,1.09342,0.02809,-4.34114,43.48941,39.14827,"N.Lagoon","Leeward","Leeward","Leeward","Mid Lagoon",4860.7457,69.7190483297069
"41","2015","Very High","VH2","32",3,8,16.00447,17.40694,1.08763,0.03135,-1.69619,75.21812,73.52194,"N.Lagoon","Leeward","Leeward","Leeward","Mid Lagoon",4860.7457,69.7190483297069
"42","2015","Medium","M3","34",1,8,16.00784,20.0182,1.25052,0.04694,-8.48429,65.5944,57.11012,"S.Lagoon","Leeward","Leeward","Leeward","South Lagoon",1212.82819,34.8256829078771
"43","2015","Medium","M3","34",2,8,16.0031,18.92807,1.18278,0.04139,21.59378,46.03671,67.63049,"S.Lagoon","Leeward","Leeward","Leeward","South Lagoon",1212.82819,34.8256829078771
"44","2015","Medium","M3","34",3,8,16.00392,18.90459,1.18125,0.03856,7.92886,43.29949,51.22835,"S.Lagoon","Leeward","Leeward","Leeward","South Lagoon",1212.82819,34.8256829078771
"45","2015","Medium","M2","35",1,8,16.00591,19.00001,1.18706,0.04705,27.65889,44.20526,71.86415,"S.Lagoon","Leeward","Leeward","Leeward","South Lagoon",1212.82819,34.8256829078771
"46","2015","Medium","M2","35",2,8,16.00473,20.71615,1.29438,0.06179,38.93075,19.97492,58.90567,"S.Lagoon","Leeward","Leeward","Leeward","South Lagoon",1212.82819,34.8256829078771
"47","2015","Medium","M2","35",3,8,16.00504,20.48014,1.27961,0.05691,2.97497,43.28095,46.25592,"S.Lagoon","Leeward","Leeward","Leeward","South Lagoon",1212.82819,34.8256829078771
"48","2015","Very Low","VL1","15",1,8,15.98005,20.55434,1.28625,0.06108,-24.99276,36.81396,11.8212,"BOW","Windward","Windward","Bay of Wrecks","Bay of Wrecks",0,0
"49","2015","Very Low","VL1","15",2,8,16.00737,23.08581,1.4422,0.08429,-7.38245,15.50826,8.12581,"BOW","Windward","Windward","Bay of Wrecks","Bay of Wrecks",0,0
"50","2015","Very Low","VL1","15",3,8,16.00391,22.58955,1.4115,0.08158,7.7654,14.66485,22.43025,"BOW","Windward","Windward","Bay of Wrecks","Bay of Wrecks",0,0
"51","2015","Very Low","VL3","19",1,8,16.00236,22.9285,1.43282,0.09234,-17.70794,71.11422,53.40627,"BOW","Windward","Windward","Bay of Wrecks","Bay of Wrecks",0,0
"52","2015","Very Low","VL3","19",2,8,16.00487,19.86451,1.24115,0.05752,-4.89715,35.52824,30.63109,"BOW","Windward","Windward","Bay of Wrecks","Bay of Wrecks",0,0
"53","2015","Very Low","VL3","5",1,4,16.00663,26.02088,1.62563,0.08979,10.1069,20.90713,31.01402,"Vaskes","Leeward","South Shore","Vaskess Bay","Vaskess Bay",0,0
"54","2015","Very Low","VL3","5",2,4,16.02239,26.54519,1.65676,0.08956,-10.75353,-14.80893,-25.56246,"Vaskes","Leeward","South Shore","Vaskess Bay","Vaskess Bay",0,0
"55","2015","Very Low","VL3","5",3,4,16.01333,23.19062,1.44821,0.07043,17.05237,-28.5853,-11.53293,"Vaskes","Leeward","South Shore","Vaskess Bay","Vaskess Bay",0,0
"56","2015","Very High","VH1","27",1,4,15.99876,20.95593,1.30985,0.05548,-6.38676,186.49252,180.10576,"N.Lagoon","Leeward","Leeward","Leeward","North Lagoon",7276,85.2994724485445
"57","2015","Very High","VH1","27",2,4,16.00535,20.90105,1.30588,0.05679,2.5259,127.40622,129.93211,"N.Lagoon","Leeward","Leeward","Leeward","North Lagoon",7276,85.2994724485445
"58","2015","Very High","VH1","27",3,4,16.00504,19.94797,1.24635,0.0522,6.27307,114.16787,120.44093,"N.Lagoon","Leeward","Leeward","Leeward","North Lagoon",7276,85.2994724485445
"59","2015","Very High","VH3","30",1,4,16.00174,29.28003,1.8298,0.10312,40.42468,83.60409,124.02877,"N.Lagoon","Leeward","Leeward","Leeward","North Lagoon",5085.68478,71.3139872675761
"60","2015","Very High","VH3","30",2,4,15.99792,24.62222,1.53909,0.06989,0.99554,177.08075,178.0763,"N.Lagoon","Leeward","Leeward","Leeward","North Lagoon",5085.68478,71.3139872675761
"61","2015","Very High","VH3","30",3,4,16.01118,23.4503,1.46462,0.07524,-10.46232,172.07207,161.60974,"N.Lagoon","Leeward","Leeward","Leeward","North Lagoon",5085.68478,71.3139872675761
"62","2015","Medium","M1","8",1,4,16.00881,21.60684,1.34968,0.06009,27.29702,54.48177,81.77878,"S.Lagoon","Leeward","Leeward","Leeward","South Lagoon",1212.82819,34.8256829078771
"63","2015","Medium","M1","8",2,4,16.00972,24.51625,1.53134,0.08421,50.53597,21.04315,71.57912,"S.Lagoon","Leeward","Leeward","Leeward","South Lagoon",1212.82819,34.8256829078771
"64","2015","Medium","M1","8",3,4,16.01384,22.16402,1.38405,0.05604,3.87034,59.29131,63.16165,"S.Lagoon","Leeward","Leeward","Leeward","South Lagoon",1212.82819,34.8256829078771
"65","2015","Very High","VH2","32",1,4,16.0083,22.38176,1.39813,0.0671,15.40148,68.45186,83.85334,"N.Lagoon","Leeward","Leeward","Leeward","Mid Lagoon",4860.7457,69.7190483297069
"66","2015","Very High","VH2","32",2,4,16.0163,20.20312,1.26141,0.05461,-3.80342,91.89049,88.08707,"N.Lagoon","Leeward","Leeward","Leeward","Mid Lagoon",4860.7457,69.7190483297069
"67","2015","Very High","VH2","32",3,4,16.00447,19.93214,1.24541,0.05108,-4.94713,111.4921,106.54498,"N.Lagoon","Leeward","Leeward","Leeward","Mid Lagoon",4860.7457,69.7190483297069
"68","2015","Medium","M3","34",1,4,16.00784,23.2947,1.45521,0.06189,-11.3596,108.91739,97.55779,"S.Lagoon","Leeward","Leeward","Leeward","South Lagoon",1212.82819,34.8256829078771
"69","2015","Medium","M3","34",2,4,16.0031,21.88141,1.36732,0.0584,30.8016,86.97223,117.77383,"S.Lagoon","Leeward","Leeward","Leeward","South Lagoon",1212.82819,34.8256829078771
"70","2015","Medium","M3","34",3,4,16.00392,21.84607,1.36505,0.05584,9.19254,91.84439,101.03693,"S.Lagoon","Leeward","Leeward","Leeward","South Lagoon",1212.82819,34.8256829078771
"71","2015","Medium","M2","35",1,4,16.00591,21.87627,1.36676,0.06166,20.56268,71.16332,91.726,"S.Lagoon","Leeward","Leeward","Leeward","South Lagoon",1212.82819,34.8256829078771
"72","2015","Medium","M2","35",2,4,16.00473,24.369,1.52261,0.0758,34.16878,81.31756,115.48634,"S.Lagoon","Leeward","Leeward","Leeward","South Lagoon",1212.82819,34.8256829078771
"73","2015","Medium","M2","35",3,4,16.00504,24.88949,1.5551,0.07997,0.02856,68.07682,68.10538,"S.Lagoon","Leeward","Leeward","Leeward","South Lagoon",1212.82819,34.8256829078771
"74","2015","Very Low","VL1","15",1,4,15.98005,25.01729,1.56553,0.08712,-34.91796,6.37322,-28.54474,"BOW","Windward","Windward","Bay of Wrecks","Bay of Wrecks",0,0
"75","2015","Very Low","VL1","15",2,4,16.00737,29.89809,1.86777,0.11756,-7.19439,-75.23976,-82.43415,"BOW","Windward","Windward","Bay of Wrecks","Bay of Wrecks",0,0
"76","2015","Very Low","VL1","15",3,4,16.00391,29.44645,1.83995,0.11907,-7.23555,-6.90203,-14.13758,"BOW","Windward","Windward","Bay of Wrecks","Bay of Wrecks",0,0
"77","2015","Very Low","VL3","19",1,4,16.00236,28.35396,1.77186,0.11014,-6.94157,38.75873,31.81716,"BOW","Windward","Windward","Bay of Wrecks","Bay of Wrecks",0,0
"78","2015","Very Low","VL3","19",2,4,16.00487,24.07325,1.50412,0.07921,-1.50456,5.6525,4.14794,"BOW","Windward","Windward","Bay of Wrecks","Bay of Wrecks",0,0
"79","2017","Very Low","VL3","5",1,1,16.0064,30.73891,1.92041,0.04279,-10.00335,99.75357,89.75023,"Vaskes","Leeward","South Shore","Vaskess Bay","Vaskess Bay",0,0
"80","2017","Very Low","VL3","5",2,1,16.02332,26.72448,1.66785,0.04741,-10.70502,2.74082,-7.96421,"Vaskes","Leeward","South Shore","Vaskess Bay","Vaskess Bay",0,0
"81","2017","Very Low","VL3","5",3,1,16.01441,27.25503,1.70191,0.04922,8.38089,63.00224,71.38313,"Vaskes","Leeward","South Shore","Vaskess Bay","Vaskess Bay",0,0
"82","2017","Very High","VH1","27",1,1,15.99916,22.12574,1.38293,0.03328,2.36308,172.73832,175.10139,"N.Lagoon","Leeward","Leeward","Leeward","North Lagoon",7276,85.2994724485445
"83","2017","Very High","VH1","27",2,1,16.00492,21.70407,1.35609,0.02947,-13.25693,229.09551,215.83859,"N.Lagoon","Leeward","Leeward","Leeward","North Lagoon",7276,85.2994724485445
"84","2017","Very High","VH1","27",3,1,16.00605,20.04707,1.25247,0.02906,3.41371,282.15821,285.57192,"N.Lagoon","Leeward","Leeward","Leeward","North Lagoon",7276,85.2994724485445
"85","2017","Very High","VH3","30",1,1,16.00278,32.87309,2.05421,0.04329,13.6836,91.71023,105.39384,"N.Lagoon","Leeward","Leeward","Leeward","North Lagoon",5085.68478,71.3139872675761
"86","2017","Very High","VH3","30",2,1,16.00015,27.19796,1.69986,0.05336,4.0591,304.50746,308.56657,"N.Lagoon","Leeward","Leeward","Leeward","North Lagoon",5085.68478,71.3139872675761
"87","2017","Very High","VH3","30",3,1,16.01308,26.74248,1.67004,0.04572,1.29156,224.09641,225.38796,"N.Lagoon","Leeward","Leeward","Leeward","North Lagoon",5085.68478,71.3139872675761
"88","2017","Medium","M1","8",1,1,16.00918,27.0783,1.69142,0.04896,23.96221,76.85112,100.81334,"S.Lagoon","Leeward","Leeward","Leeward","South Lagoon",1212.82819,34.8256829078771
"89","2017","Medium","M1","8",2,1,16.00633,26.3957,1.64908,0.03515,23.53224,-26.76793,-50.30017,"S.Lagoon","Leeward","Leeward","Leeward","South Lagoon",1212.82819,34.8256829078771
"90","2017","Medium","M1","8",3,1,16.01662,24.44879,1.52646,0.03451,5.32557,117.22381,122.54938,"S.Lagoon","Leeward","Leeward","Leeward","South Lagoon",1212.82819,34.8256829078771
"91","2017","Very High","VH2","32",1,1,16.011,26.42526,1.65044,0.04613,8.40187,183.18164,191.58351,"N.Lagoon","Leeward","Leeward","Leeward","Mid Lagoon",4860.7457,69.7190483297069
"92","2017","Very High","VH2","32",2,1,16.01346,24.00475,1.49904,0.04968,-0.79867,273.86548,273.0668,"N.Lagoon","Leeward","Leeward","Leeward","Mid Lagoon",4860.7457,69.7190483297069
"93","2017","Very High","VH2","32",3,1,16.00488,23.44271,1.46472,0.05064,5.88784,216.34786,222.2357,"N.Lagoon","Leeward","Leeward","Leeward","Mid Lagoon",4860.7457,69.7190483297069
"94","2017","Medium","M3","34",1,1,16.0096,25.03343,1.56365,0.04137,-12.64641,112.1564,99.51,"S.Lagoon","Leeward","Leeward","Leeward","South Lagoon",1212.82819,34.8256829078771
"95","2017","Medium","M3","34",2,1,16.00545,25.48372,1.59219,0.04954,16.52561,102.89498,119.42059,"S.Lagoon","Leeward","Leeward","Leeward","South Lagoon",1212.82819,34.8256829078771
"96","2017","Medium","M3","34",3,1,16.00554,23.90772,1.49372,0.0407,10.57697,106.05317,116.63014,"S.Lagoon","Leeward","Leeward","Leeward","South Lagoon",1212.82819,34.8256829078771
"97","2017","Medium","M2","35",1,1,16.00533,24.85408,1.55286,0.04088,17.33294,119.59736,136.9303,"S.Lagoon","Leeward","Leeward","Leeward","South Lagoon",1212.82819,34.8256829078771
"98","2017","Medium","M2","35",2,1,16.00509,27.13813,1.69559,0.0523,17.12185,244.27292,261.39478,"S.Lagoon","Leeward","Leeward","Leeward","South Lagoon",1212.82819,34.8256829078771
"99","2017","Medium","M2","35",3,1,16.00465,30.07905,1.87939,0.05905,24.17648,39.08425,63.26074,"S.Lagoon","Leeward","Leeward","Leeward","South Lagoon",1212.82819,34.8256829078771
"100","2017","Very Low","VL1","15",1,1,15.97992,33.45057,2.09329,0.06262,19.88904,139.57547,159.46451,"BOW","Windward","Windward","Bay of Wrecks","Bay of Wrecks",0,0
"101","2017","Very Low","VL1","15",2,1,16.00776,33.78148,2.11032,0.06277,-9.03247,109.241,100.20853,"BOW","Windward","Windward","Bay of Wrecks","Bay of Wrecks",0,0
"102","2017","Very Low","VL1","15",3,1,16.00493,40.29302,2.51754,0.08272,5.47032,-34.42839,-28.95806,"BOW","Windward","Windward","Bay of Wrecks","Bay of Wrecks",0,0
"103","2017","Very Low","VL3","19",1,1,16.00482,29.14894,1.82126,0.05562,-3.07101,20.52698,17.45597,"BOW","Windward","Windward","Bay of Wrecks","Bay of Wrecks",0,0
"104","2017","Very Low","VL3","19",2,1,16.00368,32.29352,2.01788,0.08233,2.94116,44.81083,47.75199,"BOW","Windward","Windward","Bay of Wrecks","Bay of Wrecks",0,0
"105","2017","Very Low","VL3","19",3,1,16.00214,31.3072,1.95644,0.07606,-8.95963,134.53407,125.57444,"BOW","Windward","Windward","Bay of Wrecks","Bay of Wrecks",0,0
"106","2017","Very Low","VL4","37",1,1,16.00379,25.91964,1.61959,0.042,-26.02746,207.29625,181.26879,"Vaskes","Leeward","South Shore","Vaskess Bay","Vaskess Bay",0,0
"107","2017","Very Low","VL4","37",2,1,16.00322,25.43161,1.58916,0.0402,7.07201,182.91322,189.98523,"Vaskes","Leeward","South Shore","Vaskess Bay","Vaskess Bay",0,0
"108","2017","Very Low","VL4","37",3,1,16.00576,30.46148,1.90316,0.04898,-0.67385,157.82688,157.15303,"Vaskes","Leeward","South Shore","Vaskess Bay","Vaskess Bay",0,0
"109","2017","Very Low","VL3","5",1,8,16.0064,21.04629,1.31487,0.07035,-12.18105,36.49294,24.31188,"Vaskes","Leeward","South Shore","Vaskess Bay","Vaskess Bay",0,0
"110","2017","Very Low","VL3","5",2,8,16.02332,19.00386,1.18601,0.0445,-0.48524,13.45506,12.96981,"Vaskes","Leeward","South Shore","Vaskess Bay","Vaskess Bay",0,0
"111","2017","Very Low","VL3","5",3,8,16.01441,20.19694,1.26117,0.05403,3.3672,39.64218,43.00937,"Vaskes","Leeward","South Shore","Vaskess Bay","Vaskess Bay",0,0
"112","2017","Very High","VH1","27",1,8,15.99916,17.95656,1.12234,0.03305,2.99629,45.15949,48.15578,"N.Lagoon","Leeward","Leeward","Leeward","North Lagoon",7276,85.2994724485445
"113","2017","Very High","VH1","27",2,8,16.00492,17.8302,1.11405,0.03259,-11.11879,68.53732,57.41853,"N.Lagoon","Leeward","Leeward","Leeward","North Lagoon",7276,85.2994724485445
"114","2017","Very High","VH1","27",3,8,16.00605,16.6497,1.04021,0.02013,4.10919,70.52735,74.63654,"N.Lagoon","Leeward","Leeward","Leeward","North Lagoon",7276,85.2994724485445
"115","2017","Very High","VH3","30",1,8,16.00278,22.75711,1.42207,0.05916,18.52962,24.10545,42.63506,"N.Lagoon","Leeward","Leeward","Leeward","North Lagoon",5085.68478,71.3139872675761
"116","2017","Very High","VH3","30",2,8,16.00015,20.04172,1.2526,0.04809,-3.48627,79.70926,76.22299,"N.Lagoon","Leeward","Leeward","Leeward","North Lagoon",5085.68478,71.3139872675761
"117","2017","Very High","VH3","30",3,8,16.01308,20.02738,1.25069,0.05351,8.12088,71.67716,79.79804,"N.Lagoon","Leeward","Leeward","Leeward","North Lagoon",5085.68478,71.3139872675761
"118","2017","Medium","M1","8",1,8,16.00906,20.05835,1.25294,0.04881,38.2848,19.73777,38.2848,"S.Lagoon","Leeward","Leeward","Leeward","South Lagoon",1212.82819,34.8256829078771
"119","2017","Medium","M1","8",2,8,16.00633,20.27982,1.26699,0.04427,28.06343,-18.00029,10.06314,"S.Lagoon","Leeward","Leeward","Leeward","South Lagoon",1212.82819,34.8256829078771
"120","2017","Medium","M1","8",3,8,16.01648,19.34658,1.20792,0.04165,-4.47345,36.55111,32.07766,"S.Lagoon","Leeward","Leeward","Leeward","South Lagoon",1212.82819,34.8256829078771
"121","2017","Very High","VH2","32",1,8,16.011,18.79263,1.17373,0.04129,6.82197,56.96381,63.78579,"N.Lagoon","Leeward","Leeward","Leeward","Mid Lagoon",4860.7457,69.7190483297069
"122","2017","Very High","VH2","32",2,8,16.01346,17.36764,1.08456,0.02745,1.17457,60.69723,61.8718,"N.Lagoon","Leeward","Leeward","Leeward","Mid Lagoon",4860.7457,69.7190483297069
"123","2017","Very High","VH2","32",3,8,16.00488,17.23134,1.07663,0.0257,1.25254,67.99377,69.24631,"N.Lagoon","Leeward","Leeward","Leeward","Mid Lagoon",4860.7457,69.7190483297069
"124","2017","Medium","M3","34",1,8,16.00947,18.53905,1.15801,0.03569,-7.38916,71.6109,64.22174,"S.Lagoon","Leeward","Leeward","Leeward","South Lagoon",1212.82819,34.8256829078771
"125","2017","Medium","M3","34",2,8,16.00545,18.21751,1.13821,0.03643,14.03749,40.88011,54.91761,"S.Lagoon","Leeward","Leeward","Leeward","South Lagoon",1212.82819,34.8256829078771
"126","2017","Medium","M3","34",3,8,16.00539,18.18955,1.13646,0.02721,5.7622,20.04608,25.80827,"S.Lagoon","Leeward","Leeward","Leeward","South Lagoon",1212.82819,34.8256829078771
"127","2017","Medium","M2","35",1,8,16.00533,18.92222,1.18224,0.0491,11.43445,44.14344,55.57789,"S.Lagoon","Leeward","Leeward","Leeward","South Lagoon",1212.82819,34.8256829078771
"128","2017","Medium","M2","35",2,8,16.00509,19.80206,1.23724,0.05356,17.13003,41.23725,58.36729,"S.Lagoon","Leeward","Leeward","Leeward","South Lagoon",1212.82819,34.8256829078771
"129","2017","Medium","M2","35",3,8,16.00465,20.01004,1.25026,0.0531,26.76145,26.76467,53.52612,"S.Lagoon","Leeward","Leeward","Leeward","South Lagoon",1212.82819,34.8256829078771
"130","2017","Very Low","VL1","15",1,8,15.97992,21.1672,1.32461,0.06606,-4.33365,64.32564,59.99199,"BOW","Windward","Windward","Bay of Wrecks","Bay of Wrecks",0,0
"131","2017","Very Low","VL1","15",2,8,16.00776,21.34706,1.33354,0.06633,-13.95238,55.85606,41.90368,"BOW","Windward","Windward","Bay of Wrecks","Bay of Wrecks",0,0
"132","2017","Very Low","VL1","15",3,8,16.00493,21.07889,1.31702,0.07555,5.58298,30.62407,36.20706,"BOW","Windward","Windward","Bay of Wrecks","Bay of Wrecks",0,0
"133","2017","Very Low","VL3","19",1,8,16.00482,18.83212,1.17665,0.05259,-17.03112,54.4811,37.44998,"BOW","Windward","Windward","Bay of Wrecks","Bay of Wrecks",0,0
"134","2017","Very Low","VL3","19",2,8,16.00368,19.73879,1.23339,0.05949,-2.12629,76.75354,74.62724,"BOW","Windward","Windward","Bay of Wrecks","Bay of Wrecks",0,0
"135","2017","Very Low","VL3","19",3,8,16.00214,19.95068,1.24675,0.05566,-26.38852,57.29808,30.90956,"BOW","Windward","Windward","Bay of Wrecks","Bay of Wrecks",0,0
"136","2017","Very Low","VL4","37",1,8,16.00379,19.94908,1.24652,0.04576,-23.68933,91.68273,67.9934,"Vaskes","Leeward","South Shore","Vaskess Bay","Vaskess Bay",0,0
"137","2017","Very Low","VL4","37",2,8,16.00322,18.57934,1.16098,0.04002,2.77801,43.59312,46.37113,"Vaskes","Leeward","South Shore","Vaskess Bay","Vaskess Bay",0,0
"138","2017","Very Low","VL4","37",3,8,16.00538,22.20634,1.38743,0.06838,-7.55393,94.81976,87.26583,"Vaskes","Leeward","South Shore","Vaskess Bay","Vaskess Bay",0,0
"139","2017","Very Low","VL3","5",1,4,16.0064,24.96839,1.5599,0.07357,-17.04272,57.97883,40.93611,"Vaskes","Leeward","South Shore","Vaskess Bay","Vaskess Bay",0,0
"140","2017","Very Low","VL3","5",2,4,16.02332,21.87294,1.36507,0.05594,-4.96558,21.69055,16.72497,"Vaskes","Leeward","South Shore","Vaskess Bay","Vaskess Bay",0,0
"141","2017","Very Low","VL3","5",3,4,16.01441,23.23256,1.45073,0.06957,11.35182,39.97203,51.32385,"Vaskes","Leeward","South Shore","Vaskess Bay","Vaskess Bay",0,0
"142","2017","Very High","VH1","27",1,4,15.99916,19.91909,1.24501,0.04598,3.18772,95.3302,98.51792,"N.Lagoon","Leeward","Leeward","Leeward","North Lagoon",7276,85.2994724485445
"143","2017","Very High","VH1","27",2,4,16.00492,19.72693,1.23255,0.0441,-10.81981,127.4598,116.63999,"N.Lagoon","Leeward","Leeward","Leeward","North Lagoon",7276,85.2994724485445
"144","2017","Very High","VH1","27",3,4,16.00605,18.22267,1.13849,0.0325,-1.75374,148.55882,146.80508,"N.Lagoon","Leeward","Leeward","Leeward","North Lagoon",7276,85.2994724485445
"145","2017","Very High","VH3","30",1,4,16.00278,26.85376,1.67807,0.06709,16.99038,59.14376,76.13414,"N.Lagoon","Leeward","Leeward","Leeward","North Lagoon",5085.68478,71.3139872675761
"146","2017","Very High","VH3","30",2,4,16.00015,23.27961,1.45496,0.07424,-4.33843,161.35702,157.01858,"N.Lagoon","Leeward","Leeward","Leeward","North Lagoon",5085.68478,71.3139872675761
"147","2017","Very High","VH3","30",3,4,16.01308,23.0648,1.44037,0.06961,8.65576,117.31763,125.97339,"N.Lagoon","Leeward","Leeward","Leeward","North Lagoon",5085.68478,71.3139872675761
"148","2017","Medium","M1","8",1,4,16.00906,23.03971,1.43917,0.06773,21.58474,46.10992,67.69465,"S.Lagoon","Leeward","Leeward","Leeward","South Lagoon",1212.82819,34.8256829078771
"149","2017","Medium","M1","8",2,4,16.00633,22.92801,1.43243,0.05422,20.58844,-14.72904,5.8594,"S.Lagoon","Leeward","Leeward","Leeward","South Lagoon",1212.82819,34.8256829078771
"150","2017","Medium","M1","8",3,4,16.01648,21.64992,1.35173,0.05264,2.67457,67.67158,70.34615,"S.Lagoon","Leeward","Leeward","Leeward","South Lagoon",1212.82819,34.8256829078771
"151","2017","Very High","VH2","32",1,4,16.011,21.74698,1.35825,0.05749,13.56684,102.05312,115.61996,"N.Lagoon","Leeward","Leeward","Leeward","Mid Lagoon",4860.7457,69.7190483297069
"152","2017","Very High","VH2","32",2,4,16.01346,19.79297,1.23602,0.04989,3.73814,119.47637,123.21451,"N.Lagoon","Leeward","Leeward","Leeward","Mid Lagoon",4860.7457,69.7190483297069
"153","2017","Very High","VH2","32",3,4,16.00488,19.49946,1.21835,0.04612,3.3121,94.96504,98.27713,"N.Lagoon","Leeward","Leeward","Leeward","Mid Lagoon",4860.7457,69.7190483297069
"154","2017","Medium","M3","34",1,4,16.00947,20.93051,1.30738,0.04566,-11.23639,104.504,93.26761,"S.Lagoon","Leeward","Leeward","Leeward","South Lagoon",1212.82819,34.8256829078771
"155","2017","Medium","M3","34",2,4,16.00545,20.79294,1.29912,0.05061,16.14764,75.3204,91.46804,"S.Lagoon","Leeward","Leeward","Leeward","South Lagoon",1212.82819,34.8256829078771
"156","2017","Medium","M3","34",3,4,16.00539,20.07767,1.25443,0.03528,8.08799,49.05084,57.13883,"S.Lagoon","Leeward","Leeward","Leeward","South Lagoon",1212.82819,34.8256829078771
"157","2017","Medium","M2","35",1,4,16.00533,21.59633,1.34932,0.06085,17.06246,75.45459,92.51705,"S.Lagoon","Leeward","Leeward","Leeward","South Lagoon",1212.82819,34.8256829078771
"158","2017","Medium","M2","35",2,4,16.00509,22.9289,1.4326,0.06797,11.07025,109.22905,120.29929,"S.Lagoon","Leeward","Leeward","Leeward","South Lagoon",1212.82819,34.8256829078771
"159","2017","Medium","M2","35",3,4,16.00465,23.59294,1.47413,0.06824,27.40505,39.16386,66.5689,"S.Lagoon","Leeward","Leeward","Leeward","South Lagoon",1212.82819,34.8256829078771
"160","2017","Very Low","VL1","15",1,4,15.97992,25.74505,1.61109,0.07982,3.01563,96.16144,99.17707,"BOW","Windward","Windward","Bay of Wrecks","Bay of Wrecks",0,0
"161","2017","Very Low","VL1","15",2,4,16.00776,25.91718,1.61904,0.08536,-19.75416,67.89907,48.14491,"BOW","Windward","Windward","Bay of Wrecks","Bay of Wrecks",0,0
"162","2017","Very Low","VL1","15",3,4,16.00493,29.2153,1.82539,0.11623,10.97636,24.69134,35.6677,"BOW","Windward","Windward","Bay of Wrecks","Bay of Wrecks",0,0
"163","2017","Very Low","VL3","19",1,4,16.00482,22.61956,1.4133,0.07359,-12.21326,61.50754,49.29428,"BOW","Windward","Windward","Bay of Wrecks","Bay of Wrecks",0,0
"164","2017","Very Low","VL3","19",2,4,16.00368,24.09181,1.50539,0.08814,0.04061,105.00776,105.04837,"BOW","Windward","Windward","Bay of Wrecks","Bay of Wrecks",0,0
"165","2017","Very Low","VL3","19",3,4,16.00214,23.85145,1.49052,0.07429,-12.86725,74.28276,61.4155,"BOW","Windward","Windward","Bay of Wrecks","Bay of Wrecks",0,0
"166","2017","Very Low","VL4","37",1,4,16.00379,22.70444,1.41869,0.06021,-24.1376,145.81675,121.67915,"Vaskes","Leeward","South Shore","Vaskess Bay","Vaskess Bay",0,0
"167","2017","Very Low","VL4","37",2,4,16.00322,20.91945,1.3072,0.04641,3.3009,81.36217,84.66307,"Vaskes","Leeward","South Shore","Vaskess Bay","Vaskess Bay",0,0
"168","2017","Very Low","VL4","37",3,4,16.00538,29.73528,1.857830305,0.0481664,-9.831686,193.7025676,183.84088,"Vaskes","Leeward","South Shore","Vaskess Bay","Vaskess Bay",0,0
"169","2019","Very Low","VL3","5",1,1,16.00676,37.61888,2.35019,0.08341,6.67165,135.07258,141.74423,"Vaskes","Leeward","South Shore","Vaskess Bay","Vaskess Bay",0,0
"170","2019","Very Low","VL3","5",2,1,16.02338,31.82561,1.9862,0.06876,12.99001,-9.98158,3.00843,"Vaskes","Leeward","South Shore","Vaskess Bay","Vaskess Bay",0,0
"171","2019","Very Low","VL3","5",3,1,16.01611,30.95609,1.93281,0.06695,-4.19426,22.86646,18.6722,"Vaskes","Leeward","South Shore","Vaskess Bay","Vaskess Bay",0,0
"172","2019","Very High","VH1","27",1,1,15.99823,25.04808,1.56568,0.0559,7.37452,221.80973,229.18425,"N.Lagoon","Leeward","Leeward","Leeward","North Lagoon",7276,85.2994724485445
"173","2019","Very High","VH1","27",2,1,16.00581,25.09437,1.56783,0.04897,21.52295,244.96518,266.48813,"N.Lagoon","Leeward","Leeward","Leeward","North Lagoon",7276,85.2994724485445
"174","2019","Very High","VH1","27",3,1,16.00729,21.46642,1.34104,0.03956,-0.88431,383.45155,382.56725,"N.Lagoon","Leeward","Leeward","Leeward","North Lagoon",7276,85.2994724485445
"175","2019","Very High","VH3","30",1,1,16.00415,28.58532,1.78612,0.04828,20.5435,361.38339,381.92689,"N.Lagoon","Leeward","Leeward","Leeward","North Lagoon",5085.68478,71.3139872675761
"176","2019","Very High","VH3","30",2,1,15.99712,26.53789,1.65892,0.0628,2.89791,450.93306,453.83096,"N.Lagoon","Leeward","Leeward","Leeward","North Lagoon",5085.68478,71.3139872675761
"177","2019","Very High","VH3","30",3,1,16.01165,29.73723,1.85722,0.07077,-5.53521,256.98639,251.45118,"N.Lagoon","Leeward","Leeward","Leeward","North Lagoon",5085.68478,71.3139872675761
"178","2019","Medium","M1","8",1,1,16.01205,27.35463,1.70838,0.05554,25.39155,132.95338,158.34493,"S.Lagoon","Leeward","Leeward","Leeward","South Lagoon",1212.82819,34.8256829078771
"179","2019","Medium","M1","8",2,1,15.9991,26.53835,1.65874,0.07157,39.30504,-70.47534,-31.1703,"S.Lagoon","Leeward","Leeward","Leeward","South Lagoon",1212.82819,34.8256829078771
"180","2019","Medium","M1","8",3,1,16.01658,25.93679,1.61937,0.04052,0.02482,155.04336,155.06818,"S.Lagoon","Leeward","Leeward","Leeward","South Lagoon",1212.82819,34.8256829078771
"181","2019","Very High","VH2","32",1,1,16.01162,30.36501,1.89644,0.06962,12.31658,6.96363,19.28021,"N.Lagoon","Leeward","Leeward","Leeward","Mid Lagoon",4860.7457,69.7190483297069
"182","2019","Very High","VH2","32",2,1,16.01488,25.40271,1.58619,0.0572,14.1018,350.78267,364.88447,"N.Lagoon","Leeward","Leeward","Leeward","Mid Lagoon",4860.7457,69.7190483297069
"183","2019","Very High","VH2","32",3,1,16.00661,25.73142,1.60755,0.05389,8.0252,164.82042,172.84561,"N.Lagoon","Leeward","Leeward","Leeward","Mid Lagoon",4860.7457,69.7190483297069
"184","2019","Medium","M3","34",1,1,16.00771,28.7114,1.7936,0.06343,-9.41942,232.28089,222.86147,"S.Lagoon","Leeward","Leeward","Leeward","South Lagoon",1212.82819,34.8256829078771
"185","2019","Medium","M3","34",2,1,16.00646,28.05779,1.7529,0.0631,18.53515,203.95548,222.49062,"S.Lagoon","Leeward","Leeward","Leeward","South Lagoon",1212.82819,34.8256829078771
"186","2019","Medium","M3","34",3,1,16.0061,27.42212,1.71323,0.06227,-0.17006,253.54151,253.37145,"S.Lagoon","Leeward","Leeward","Leeward","South Lagoon",1212.82819,34.8256829078771
"187","2019","Medium","M2","35",1,1,16.00657,26.60769,1.6623,0.05431,1.60496,136.47952,138.08448,"S.Lagoon","Leeward","Leeward","Leeward","South Lagoon",1212.82819,34.8256829078771
"188","2019","Medium","M2","35",2,1,16.00755,30.49906,1.90529,0.06807,10.09763,231.47278,241.57041,"S.Lagoon","Leeward","Leeward","Leeward","South Lagoon",1212.82819,34.8256829078771
"189","2019","Medium","M2","35",3,1,16.00397,34.47717,2.15429,0.07997,36.10453,63.95583,100.06036,"S.Lagoon","Leeward","Leeward","Leeward","South Lagoon",1212.82819,34.8256829078771
"190","2019","Very Low","VL4","37",1,1,16.00458,29.84515,1.86479,0.06835,14.73712,274.16811,288.90523,"Vaskes","Leeward","South Shore","Vaskess Bay","Vaskess Bay",0,0
"191","2019","Very Low","VL4","37",2,1,16.00275,30.41518,1.90062,0.060067,-0.38502,118.53327,118.14825,"Vaskes","Leeward","South Shore","Vaskess Bay","Vaskess Bay",0,0
"192","2019","Very Low","VL4","37",3,1,16.00956,33.6178,2.09986,0.07258,4.91253,82.97602,87.88855,"Vaskes","Leeward","South Shore","Vaskess Bay","Vaskess Bay",0,0
"193","2019","Very Low","VL3","5",1,8,16.00616,24.13875,1.50809,0.10053,-13.76699,74.7303,60.96331,"Vaskes","Leeward","South Shore","Vaskess Bay","Vaskess Bay",0,0
"194","2019","Very Low","VL3","5",2,8,16.02338,21.19449,1.32272,0.06504,0.48296,24.20339,24.68635,"Vaskes","Leeward","South Shore","Vaskess Bay","Vaskess Bay",0,0
"195","2019","Very Low","VL3","5",3,8,16.01611,19.29688,1.20484,0.05089,10.90453,19.47118,30.3757,"Vaskes","Leeward","South Shore","Vaskess Bay","Vaskess Bay",0,0
"196","2019","Very High","VH1","27",1,8,15.99812,17.61167,1.10086,0.03298,4.23904,65.07078,69.30982,"N.Lagoon","Leeward","Leeward","Leeward","North Lagoon",7276,85.2994724485445
"197","2019","Very High","VH1","27",2,8,16.00581,18.02168,1.12595,0.03533,6.75962,59.31821,66.07782,"N.Lagoon","Leeward","Leeward","Leeward","North Lagoon",7276,85.2994724485445
"198","2019","Very High","VH1","27",3,8,16.00719,16.53689,1.03309,0.01676,1.26928,53.36077,54.63005,"N.Lagoon","Leeward","Leeward","Leeward","North Lagoon",7276,85.2994724485445
"199","2019","Very High","VH3","30",1,8,16.00415,19.82179,1.23854,0.05871,7.15933,93.28683,100.44616,"N.Lagoon","Leeward","Leeward","Leeward","North Lagoon",5085.68478,71.3139872675761
"200","2019","Very High","VH3","30",2,8,15.9991,18.31531,1.14477,0.03788,-11.54642,113.76353,102.21711,"N.Lagoon","Leeward","Leeward","Leeward","North Lagoon",5085.68478,71.3139872675761
"201","2019","Very High","VH3","30",3,8,16.01165,20.02367,1.25057,0.05628,-8.01897,103.84456,95.8256,"N.Lagoon","Leeward","Leeward","Leeward","North Lagoon",5085.68478,71.3139872675761
"202","2019","Medium","M1","8",1,8,16.01205,19.14906,1.19592,0.04827,23.49679,31.16821,54.665,"S.Lagoon","Leeward","Leeward","Leeward","South Lagoon",1212.82819,34.8256829078771
"203","2019","Medium","M1","8",2,8,16.01,18.93876,1.18293,0.04284,45.58713,-9.71348,35.87365,"S.Lagoon","Leeward","Leeward","Leeward","South Lagoon",1212.82819,34.8256829078771
"204","2019","Medium","M1","8",3,8,16.01658,18.95813,1.18366,0.03872,-6.06996,38.23999,32.17003,"S.Lagoon","Leeward","Leeward","Leeward","South Lagoon",1212.82819,34.8256829078771
"205","2019","Very High","VH2","32",1,8,16.01162,19.21333,1.19996,0.05135,1.50416,64.85006,66.35421,"N.Lagoon","Leeward","Leeward","Leeward","Mid Lagoon",4860.7457,69.7190483297069
"206","2019","Very High","VH2","32",2,8,16.01488,18.00463,1.12424,0.03701,2.04331,82.62462,84.66793,"N.Lagoon","Leeward","Leeward","Leeward","Mid Lagoon",4860.7457,69.7190483297069
"207","2019","Very High","VH2","32",3,8,16.00661,18.53266,1.15781,0.04305,3.36289,81.54453,84.90743,"N.Lagoon","Leeward","Leeward","Leeward","Mid Lagoon",4860.7457,69.7190483297069
"208","2019","Medium","M3","34",1,8,16.00771,20.01288,1.2502,0.05383,-9.82214,94.80053,84.97839,"S.Lagoon","Leeward","Leeward","Leeward","South Lagoon",1212.82819,34.8256829078771
"209","2019","Medium","M3","34",2,8,16.00646,19.75749,1.23434,0.05088,18.22747,63.57657,81.80404,"S.Lagoon","Leeward","Leeward","Leeward","South Lagoon",1212.82819,34.8256829078771
"210","2019","Medium","M3","34",3,8,16.0061,19.25636,1.20306,0.04111,6.30418,53.72118,60.02536,"S.Lagoon","Leeward","Leeward","Leeward","South Lagoon",1212.82819,34.8256829078771
"211","2019","Medium","M2","35",1,8,16.00657,19.00307,1.1872,0.04951,17.82476,58.94959,76.77435,"S.Lagoon","Leeward","Leeward","Leeward","South Lagoon",1212.82819,34.8256829078771
"212","2019","Medium","M2","35",2,8,16.00755,20.59048,1.2863,0.05811,23.61751,23.45675,47.07426,"S.Lagoon","Leeward","Leeward","Leeward","South Lagoon",1212.82819,34.8256829078771
"213","2019","Medium","M2","35",3,8,16.00397,21.8892,1.36774,0.07011,19.76598,42.29086,62.05684,"S.Lagoon","Leeward","Leeward","Leeward","South Lagoon",1212.82819,34.8256829078771
"214","2019","Very Low","VL4","37",1,8,16.00458,19.84915,1.24022,0.05345,-3.80322,98.36449,94.56127,"Vaskes","Leeward","South Shore","Vaskess Bay","Vaskess Bay",0,0
"215","2019","Very Low","VL4","37",2,8,16.00275,20.64093,1.28984,0.0584435,-4.8156,50.01137,45.19577,"Vaskes","Leeward","South Shore","Vaskess Bay","Vaskess Bay",0,0
"216","2019","Very Low","VL4","37",3,8,16.00956,21.82672,1.36336,0.07253,4.32292,99.55348,103.8764,"Vaskes","Leeward","South Shore","Vaskess Bay","Vaskess Bay",0,0
"217","2019","Very Low","VL3","5",1,4,16.00616,29.27756,1.82914,0.10827,-17.39146,87.73236,70.34089,"Vaskes","Leeward","South Shore","Vaskess Bay","Vaskess Bay",0,0
"218","2019","Very Low","VL3","5",2,4,16.02338,25.1226,1.56787,0.08213,9.37875,35.64834,45.02709,"Vaskes","Leeward","South Shore","Vaskess Bay","Vaskess Bay",0,0
"219","2019","Very Low","VL3","5",3,4,16.01611,22.99454,1.43571,0.06956,15.1542,35.96215,51.11635,"Vaskes","Leeward","South Shore","Vaskess Bay","Vaskess Bay",0,0
"220","2019","Very High","VH1","27",1,4,15.99812,20.20562,1.263,0.05322,3.86733,117.97091,121.83824,"N.Lagoon","Leeward","Leeward","Leeward","North Lagoon",7276,85.2994724485445
"221","2019","Very High","VH1","27",2,4,16.00581,20.50574,1.28114,0.05089,18.9854,102.02179,121.00719,"N.Lagoon","Leeward","Leeward","Leeward","North Lagoon",7276,85.2994724485445
"222","2019","Very High","VH1","27",3,4,16.00719,18.10429,1.13101,0.02831,1.61358,135.67558,137.28916,"N.Lagoon","Leeward","Leeward","Leeward","North Lagoon",7276,85.2994724485445
"223","2019","Very High","VH3","30",1,4,16.00415,23.35126,1.45908,0.07354,11.29837,178.64002,189.93839,"N.Lagoon","Leeward","Leeward","Leeward","North Lagoon",5085.68478,71.3139872675761
"224","2019","Very High","VH3","30",2,4,15.9991,21.37666,1.33612,0.06505,-4.22947,235.09419,230.86472,"N.Lagoon","Leeward","Leeward","Leeward","North Lagoon",5085.68478,71.3139872675761
"225","2019","Very High","VH3","30",3,4,16.01165,23.69937,1.48013,0.07763,-0.64881,164.96217,164.31337,"N.Lagoon","Leeward","Leeward","Leeward","North Lagoon",5085.68478,71.3139872675761
"226","2019","Medium","M1","8",1,4,16.01205,22.26469,1.3905,0.06791,23.98813,64.78384,88.77198,"S.Lagoon","Leeward","Leeward","Leeward","South Lagoon",1212.82819,34.8256829078771
"227","2019","Medium","M1","8",2,4,16.01,22.56593,1.40949,0.06522,46.02012,18.01632,64.03643,"S.Lagoon","Leeward","Leeward","Leeward","South Lagoon",1212.82819,34.8256829078771
"228","2019","Medium","M1","8",3,4,16.01658,21.46886,1.34041,0.0508,0.84507,88.63689,89.48196,"S.Lagoon","Leeward","Leeward","Leeward","South Lagoon",1212.82819,34.8256829078771
"229","2019","Very High","VH2","32",1,4,16.01162,23.06049,1.44023,0.07674,2.83352,87.76458,90.5981,"N.Lagoon","Leeward","Leeward","Leeward","Mid Lagoon",4860.7457,69.7190483297069
"230","2019","Very High","VH2","32",2,4,16.01488,20.99993,1.31128,0.06261,6.75104,181.34484,188.09588,"N.Lagoon","Leeward","Leeward","Leeward","Mid Lagoon",4860.7457,69.7190483297069
"231","2019","Very High","VH2","32",3,4,16.00661,21.43967,1.33943,0.0619,-0.78236,144.21161,143.42925,"N.Lagoon","Leeward","Leeward","Leeward","Mid Lagoon",4860.7457,69.7190483297069
"232","2019","Medium","M3","34",1,4,16.00771,23.15333,1.44639,0.06911,-11.52127,138.13546,126.61418,"S.Lagoon","Leeward","Leeward","Leeward","South Lagoon",1212.82819,34.8256829078771
"233","2019","Medium","M3","34",2,4,16.00646,22.83502,1.42661,0.06764,17.12244,123.71876,140.8412,"S.Lagoon","Leeward","Leeward","Leeward","South Lagoon",1212.82819,34.8256829078771
"234","2019","Medium","M3","34",3,4,16.0061,22.09949,1.38069,0.05877,8.49291,117.15666,125.64957,"S.Lagoon","Leeward","Leeward","Leeward","South Lagoon",1212.82819,34.8256829078771
"235","2019","Medium","M2","35",1,4,16.00657,21.98006,1.37319,0.06225,12.90269,90.38872,103.29141,"S.Lagoon","Leeward","Leeward","Leeward","South Lagoon",1212.82819,34.8256829078771
"236","2019","Medium","M2","35",2,4,16.00755,24.20803,1.51229,0.07502,21.60963,59.31418,80.92381,"S.Lagoon","Leeward","Leeward","Leeward","South Lagoon",1212.82819,34.8256829078771
"237","2019","Medium","M2","35",3,4,16.00397,26.5302,1.65773,0.09336,26.57163,66.53289,93.10452,"S.Lagoon","Leeward","Leeward","Leeward","South Lagoon",1212.82819,34.8256829078771
"238","2019","Very Low","VL4","37",1,4,16.00458,23.60176,1.47469,0.0741,2.31709,166.06859,168.38568,"Vaskes","Leeward","South Shore","Vaskess Bay","Vaskess Bay",0,0
"239","2019","Very Low","VL4","37",2,4,16.00275,24.36174,1.52235,0.0726,-5.68505,85.18637,79.50133,"Vaskes","Leeward","South Shore","Vaskess Bay","Vaskess Bay",0,0
"240","2019","Very Low","VL4","37",3,4,16.00956,26.1246,1.63181,0.08863,-9.19526,113.37751,104.18225,"Vaskes","Leeward","South Shore","Vaskess Bay","Vaskess Bay",0,0
"241","2016a","Very Low","VL3","5",1,1,16.00809,33.25304,2.07727,0.06162,6.08371,68.8912,74.97491,"Vaskes","Leeward","South Shore","Vaskess Bay","Vaskess Bay",0,0
"242","2016a","Very Low","VL3","5",1,8,16.00809,22.87352,1.42887,0.09323,0.11844,59.81445,59.93289,"Vaskes","Leeward","South Shore","Vaskess Bay","Vaskess Bay",0,0
"243","2016a","Very Low","VL3","5",2,1,16.02444,29.35137,1.83166,0.06874,0,62.0762,62.0762,"Vaskes","Leeward","South Shore","Vaskess Bay","Vaskess Bay",0,0
"244","2016a","Very Low","VL3","5",2,8,16.02436,21.13134,1.3187,0.06408,2.27281,26.94285,29.21566,"Vaskes","Leeward","South Shore","Vaskess Bay","Vaskess Bay",0,0
"245","2016a","Very Low","VL3","5",3,1,16.01392,30.03482,1.87555,0.05777,-13.73491,6.42602,-7.30889,"Vaskes","Leeward","South Shore","Vaskess Bay","Vaskess Bay",0,0
"246","2016a","Very Low","VL3","5",3,8,16.01381,21.29078,1.32953,0.06356,10.29303,13.1648,23.45784,"Vaskes","Leeward","South Shore","Vaskess Bay","Vaskess Bay",0,0
"247","2016a","Very High","VH1","27",1,1,15.99872,23.33884,1.45879,0.04203,1.13821,252.28474,253.42295,"N.Lagoon","Leeward","Leeward","Leeward","North Lagoon",7276,85.2994724485445
"248","2016a","Very High","VH1","27",2,1,16.00637,21.88405,1.36721,0.02719,-26.41165,270.07637,243.66472,"N.Lagoon","Leeward","Leeward","Leeward","North Lagoon",7276,85.2994724485445
"249","2016a","Very High","VH1","27",3,1,16.00602,19.85504,1.24047,0.02553,-3.05214,307.80933,304.75719,"N.Lagoon","Leeward","Leeward","Leeward","North Lagoon",7276,85.2994724485445
"250","2016a","Very High","VH3","30",1,1,16.0047,33.06914,2.06621,0.05062,25.73039,65.20097,90.93137,"N.Lagoon","Leeward","Leeward","Leeward","North Lagoon",5085.68478,71.3139872675761
"251","2016a","Very High","VH3","30",2,1,15.99734,25.88852,1.6183,0.05386,-9.84229,342.65283,332.81054,"N.Lagoon","Leeward","Leeward","Leeward","North Lagoon",5085.68478,71.3139872675761
"252","2016a","Very High","VH3","30",3,1,16.01265,28.2555,1.76457,0.05165,8.47491,214.71545,223.19036,"N.Lagoon","Leeward","Leeward","Leeward","North Lagoon",5085.68478,71.3139872675761
"253","2016a","Medium","M1","8",1,1,16.01002,25.65982,1.60274,0.04437,35.25515,148.14125,183.39639,"S.Lagoon","Leeward","Leeward","Leeward","South Lagoon",1212.82819,34.8256829078771
"254","2016a","Medium","M1","8",1,8,16.01002,18.38343,1.14825,0.03412,22.97763,11.55316,34.53079,"S.Lagoon","Leeward","Leeward","Leeward","South Lagoon",1212.82819,34.8256829078771
"255","2016a","Medium","M1","8",2,1,16.01089,29.37194,1.8345,0.06188,35.26821,133.14782,168.41602,"S.Lagoon","Leeward","Leeward","Leeward","South Lagoon",1212.82819,34.8256829078771
"256","2016a","Medium","M1","8",2,8,16.01073,19.54312,1.22063,0.04584,30.01366,22.6121,52.62577,"S.Lagoon","Leeward","Leeward","Leeward","South Lagoon",1212.82819,34.8256829078771
"257","2016a","Medium","M1","8",3,1,16.01619,27.11764,1.69314,0.04143,0.55821,145.41329,145.9715,"S.Lagoon","Leeward","Leeward","Leeward","South Lagoon",1212.82819,34.8256829078771
"258","2016a","Medium","M1","8",3,8,16.01619,19.83832,1.23864,0.03889,5.13096,8.88733,14.01829,"S.Lagoon","Leeward","Leeward","Leeward","South Lagoon",1212.82819,34.8256829078771
"259","2016a","Very High","VH2","32",1,1,16.01018,26.67415,1.66608,0.04946,3.26793,40.52219,43.79011,"N.Lagoon","Leeward","Leeward","Leeward","Mid Lagoon",4860.7457,69.7190483297069
"260","2016a","Very High","VH2","32",2,1,16.01751,23.21297,1.44922,0.03832,-3.06318,240.45119,237.38802,"N.Lagoon","Leeward","Leeward","Leeward","Mid Lagoon",4860.7457,69.7190483297069
"261","2016a","Very High","VH2","32",3,1,16.00649,22.33214,1.39519,0.03423,-3.09149,203.96426,200.87276,"N.Lagoon","Leeward","Leeward","Leeward","Mid Lagoon",4860.7457,69.7190483297069
"262","2016a","Medium","M3","34",1,1,16.00813,26.66426,1.66567,0.04254,-8.86246,221.65004,212.78759,"S.Lagoon","Leeward","Leeward","Leeward","South Lagoon",1212.82819,34.8256829078771
"263","2016a","Medium","M3","34",2,1,16.00371,26.13256,1.63291,0.04723,29.84115,172.63352,202.47467,"S.Lagoon","Leeward","Leeward","Leeward","South Lagoon",1212.82819,34.8256829078771
"264","2016a","Medium","M3","34",3,1,16.0047,26.37028,1.64766,0.05124,9.38065,238.33426,247.71491,"S.Lagoon","Leeward","Leeward","Leeward","South Lagoon",1212.82819,34.8256829078771
"265","2016a","Medium","M2","35",1,1,16.00598,25.87371,1.6165,0.04486,21.33286,107.65685,128.98971,"S.Lagoon","Leeward","Leeward","Leeward","South Lagoon",1212.82819,34.8256829078771
"266","2016a","Medium","M2","35",2,1,16.00736,28.50517,1.78075,0.05439,21.99476,239.08643,261.08119,"S.Lagoon","Leeward","Leeward","Leeward","South Lagoon",1212.82819,34.8256829078771
"267","2016a","Very Low","VL1","15",1,1,15.98617,30.93119,1.93487,0.06518,-0.60902,36.43954,35.83052,"BOW","Windward","Windward","Bay of Wrecks","Bay of Wrecks",0,0
"268","2016a","Very Low","VL3","5",1,4,16.00809,27.26659,1.7033,0.097,3.79455,66.75938,70.55392,"Vaskes","Leeward","South Shore","Vaskess Bay","Vaskess Bay",0,0
"269","2016a","Very Low","VL3","5",2,4,16.02436,24.70054,1.54144,0.07879,1.82405,35.12021,36.94426,"Vaskes","Leeward","South Shore","Vaskess Bay","Vaskess Bay",0,0
"270","2016a","Very Low","VL3","5",3,4,16.01381,24.91003,1.55553,0.0829,-8.77502,12.10083,3.3258,"Vaskes","Leeward","South Shore","Vaskess Bay","Vaskess Bay",0,0
"271","2016a","Medium","M1","8",1,4,16.01002,20.69339,1.29253,0.04834,27.73193,47.43209,75.16402,"S.Lagoon","Leeward","Leeward","Leeward","South Lagoon",1212.82819,34.8256829078771
"272","2016a","Medium","M1","8",2,4,16.01073,23.09919,1.44273,0.06645,36.30308,65.34596,101.64904,"S.Lagoon","Leeward","Leeward","Leeward","South Lagoon",1212.82819,34.8256829078771
"273","2016a","Medium","M1","8",3,4,16.01619,22.63555,1.41329,0.05309,5.22408,48.55045,53.77453,"S.Lagoon","Leeward","Leeward","Leeward","South Lagoon",1212.82819,34.8256829078771
"274","2016a","Very Low","VL1","15",1,4,15.98617,24.00045,1.50133,0.07476,-18.8167,32.67559,13.8589,"BOW","Windward","Windward","Bay of Wrecks","Bay of Wrecks",0,0
"275","2016a","Very Low","VL1","15",1,8,15.98617,20.14501,1.26015,0.0564,-24.16538,50.07544,25.91006,"BOW","Windward","Windward","Bay of Wrecks","Bay of Wrecks",0,0
"276","2016a","Very High","VH1","27",1,4,15.99872,19.85829,1.24124,0.04482,1.73851,126.93345,128.67196,"N.Lagoon","Leeward","Leeward","Leeward","North Lagoon",7276,85.2994724485445
"277","2016a","Very High","VH1","27",1,8,15.99872,17.67685,1.10489,0.03149,2.31765,53.45467,55.77233,"N.Lagoon","Leeward","Leeward","Leeward","North Lagoon",7276,85.2994724485445
"278","2016a","Very High","VH1","27",2,4,16.00613,19.12874,1.19509,0.03456,-6.17462,105.25283,99.07821,"N.Lagoon","Leeward","Leeward","Leeward","North Lagoon",7276,85.2994724485445
"279","2016a","Very High","VH1","27",2,8,16.00613,17.40094,1.08714,0.0255,-6.60794,54.45653,47.84859,"N.Lagoon","Leeward","Leeward","Leeward","North Lagoon",7276,85.2994724485445
"280","2016a","Very High","VH1","27",3,4,16.00602,17.68825,1.1051,0.0258,-0.9535,134.5002,133.5467,"N.Lagoon","Leeward","Leeward","Leeward","North Lagoon",7276,85.2994724485445
"281","2016a","Very High","VH1","27",3,8,16.00602,16.02759,1.00135,0.01337,-0.91703,54.81245,53.89542,"N.Lagoon","Leeward","Leeward","Leeward","North Lagoon",7276,85.2994724485445
"282","2016a","Very High","VH3","30",1,4,16.0047,26.35106,1.64646,0.07743,17.66709,112.07547,129.74256,"N.Lagoon","Leeward","Leeward","Leeward","North Lagoon",5085.68478,71.3139872675761
"283","2016a","Very High","VH3","30",1,8,16.0047,22.22773,1.38883,0.06372,8.53694,79.34778,87.88472,"N.Lagoon","Leeward","Leeward","Leeward","North Lagoon",5085.68478,71.3139872675761
"284","2016a","Very High","VH3","30",2,4,15.99734,21.02927,1.31455,0.06457,0,144.77938,144.77938,"N.Lagoon","Leeward","Leeward","Leeward","North Lagoon",5085.68478,71.3139872675761
"285","2016a","Very High","VH3","30",2,8,15.99734,18.35043,1.14709,0.03879,-16.72493,114.67007,97.94514,"N.Lagoon","Leeward","Leeward","Leeward","North Lagoon",5085.68478,71.3139872675761
"286","2016b","Very Low","VL3","5",1,1,16.00811,32.90579,2.05557,0.05751,16.0358,87.29968,103.33549,"Vaskes","Leeward","South Shore","Vaskess Bay","Vaskess Bay",0,0
"287","2016b","Very Low","VL3","5",2,1,16.02397,27.86912,1.73921,0.04673,-3.20336,-9.1204,-12.32376,"Vaskes","Leeward","South Shore","Vaskess Bay","Vaskess Bay",0,0
"288","2016b","Very Low","VL3","5",3,1,16.01407,27.46293,1.71493,0.04831,14.88754,53.57608,68.46362,"Vaskes","Leeward","South Shore","Vaskess Bay","Vaskess Bay",0,0
"289","2016b","Medium","M1","8",1,1,16.01301,27.23371,1.70072,0.05503,9.71502,155.63292,165.34795,"S.Lagoon","Leeward","Leeward","Leeward","South Lagoon",1212.82819,34.8256829078771
"290","2016b","Medium","M1","8",2,1,16.00826,28.33013,1.76972,0.05089,40.58236,104.37551,144.95787,"S.Lagoon","Leeward","Leeward","Leeward","South Lagoon",1212.82819,34.8256829078771
"291","2016b","Medium","M1","8",3,1,16.01748,26.71418,1.66781,0.04224,3.66061,111.50762,115.16822,"S.Lagoon","Leeward","Leeward","Leeward","South Lagoon",1212.82819,34.8256829078771
"292","2016b","Very High","VH1","27",1,1,15.99962,21.88293,1.36772,0.02505,-12.45854,210.87343,198.41489,"N.Lagoon","Leeward","Leeward","Leeward","North Lagoon",7276,85.2994724485445
"293","2016b","Very High","VH1","27",2,1,16.00517,21.58536,1.34865,0.02355,-6.27456,158.01183,151.73727,"N.Lagoon","Leeward","Leeward","Leeward","North Lagoon",7276,85.2994724485445
"294","2016b","Very High","VH1","27",3,1,16.00472,19.87868,1.24205,0.02109,4.10534,297.89346,301.9988,"N.Lagoon","Leeward","Leeward","Leeward","North Lagoon",7276,85.2994724485445
"295","2016b","Very High","VH2","32",1,1,16.00932,26.61554,1.6625,0.04816,6.33319,128.55335,134.88654,"N.Lagoon","Leeward","Leeward","Leeward","Mid Lagoon",4860.7457,69.7190483297069
"296","2016b","Very High","VH2","32",2,1,16.01919,23.08373,1.44101,0.03666,-5.86491,248.72966,242.86474,"N.Lagoon","Leeward","Leeward","Leeward","Mid Lagoon",4860.7457,69.7190483297069
"297","2016b","Very High","VH2","32",3,1,16.00698,21.68907,1.35498,0.03241,-0.37499,210.00923,209.63424,"N.Lagoon","Leeward","Leeward","Leeward","Mid Lagoon",4860.7457,69.7190483297069
"298","2016b","Very Low","VL1","15",1,1,15.97978,32.04117,2.00511,0.06697,-22.85844,131.08184,108.22339,"BOW","Windward","Windward","Bay of Wrecks","Bay of Wrecks",0,0
"299","2016b","Very Low","VL1","15",2,1,16.00753,38.64276,2.41404,0.07765,36.77196,-89.77355,-53.00159,"BOW","Windward","Windward","Bay of Wrecks","Bay of Wrecks",0,0
"300","2016b","Very Low","VL1","15",3,1,16.00741,41.45378,2.58966,0.08752,-15.91858,-8.5032,-24.42178,"BOW","Windward","Windward","Bay of Wrecks","Bay of Wrecks",0,0
"301","2016b","Very Low","VL3","19",1,1,16.00101,28.95258,1.80942,0.05326,-2.31195,45.46934,43.15739,"BOW","Windward","Windward","Bay of Wrecks","Bay of Wrecks",0,0
"302","2016b","Very Low","VL3","19",2,1,16.00523,28.56032,1.78444,0.05751,14.07217,53.99017,68.06234,"BOW","Windward","Windward","Bay of Wrecks","Bay of Wrecks",0,0
"303","2016b","Very High","VH3","30",1,1,16.00681,31.03606,1.93893,0.04051,2.47788,293.09005,295.56793,"N.Lagoon","Leeward","Leeward","Leeward","North Lagoon",5085.68478,71.3139872675761
"304","2016b","Very High","VH3","30",2,1,15.99858,25.59293,1.5997,0.04236,-2.83866,298.55999,295.72134,"N.Lagoon","Leeward","Leeward","Leeward","North Lagoon",5085.68478,71.3139872675761
"305","2016b","Very High","VH3","30",3,1,16.01256,26.1785,1.63487,0.03905,-8.39441,232.88883,224.49442,"N.Lagoon","Leeward","Leeward","Leeward","North Lagoon",5085.68478,71.3139872675761
"306","2016b","Medium","M3","34",1,1,16.00775,26.05859,1.62787,0.04429,-9.7324,176.91624,167.18384,"S.Lagoon","Leeward","Leeward","Leeward","South Lagoon",1212.82819,34.8256829078771
"307","2016b","Medium","M3","34",2,1,16.0048,25.17864,1.57319,0.04092,27.97808,145.31572,173.2938,"S.Lagoon","Leeward","Leeward","Leeward","South Lagoon",1212.82819,34.8256829078771
"308","2016b","Medium","M3","34",3,1,16.00619,25.12955,1.56999,0.04026,24.78518,142.49127,167.27645,"S.Lagoon","Leeward","Leeward","Leeward","South Lagoon",1212.82819,34.8256829078771
"309","2016b","Medium","M2","35",1,1,16.00581,24.95063,1.55885,0.03841,23.09749,160.48995,183.58744,"S.Lagoon","Leeward","Leeward","Leeward","South Lagoon",1212.82819,34.8256829078771
"310","2016b","Medium","M2","35",2,1,16.00442,27.69086,1.7302,0.046,29.36328,227.53426,256.89755,"S.Lagoon","Leeward","Leeward","Leeward","South Lagoon",1212.82819,34.8256829078771
"311","2016b","Medium","M2","35",3,1,16.00582,31.22179,1.95065,0.0547,1.52972,199.15733,200.68704,"S.Lagoon","Leeward","Leeward","Leeward","South Lagoon",1212.82819,34.8256829078771
"312","2016b","Very Low","VL3","5",1,4,16.00811,26.29244,1.64244,0.08778,-2.53925,55.86532,53.32607,"Vaskes","Leeward","South Shore","Vaskess Bay","Vaskess Bay",0,0
"313","2016b","Very Low","VL3","5",1,8,16.00811,21.83007,1.36369,0.08278,0.26623,50.17577,49.90955,"Vaskes","Leeward","South Shore","Vaskess Bay","Vaskess Bay",0,0
"314","2016b","Very Low","VL3","5",2,4,16.02397,22.61433,1.41128,0.05887,-1.51877,3.93167,2.41291,"Vaskes","Leeward","South Shore","Vaskess Bay","Vaskess Bay",0,0
"315","2016b","Very Low","VL3","5",2,8,16.02397,19.59939,1.22313,0.04647,1.70049,-3.42929,-1.7288,"Vaskes","Leeward","South Shore","Vaskess Bay","Vaskess Bay",0,0
"316","2016b","Very Low","VL3","5",3,4,16.01407,23.46195,1.46508,0.07171,7.05823,33.47754,40.53578,"Vaskes","Leeward","South Shore","Vaskess Bay","Vaskess Bay",0,0
"317","2016b","Very Low","VL3","5",3,8,16.014067,20.23365,1.26349,0.05728,8.76008,22.15684,30.91692,"Vaskes","Leeward","South Shore","Vaskess Bay","Vaskess Bay",0,0
"318","2016b","Very Low","VL1","15",2,4,16.00753,28.16022,1.75919,0.0918,11.75085,13.1016,24.85245,"BOW","Windward","Windward","Bay of Wrecks","Bay of Wrecks",0,0
"319","2016b","Very Low","VL1","15",2,8,16.00753,22.80133,1.42441,0.07488,-0.77487,50.44387,49.669,"BOW","Windward","Windward","Bay of Wrecks","Bay of Wrecks",0,0
"320","2016b","Very Low","VL1","15",1,4,15.97978,24.87036,1.55637,0.07809,-18.77422,103.75643,84.98221,"BOW","Windward","Windward","Bay of Wrecks","Bay of Wrecks",0,0
"321","2016b","Very Low","VL1","15",1,8,15.97978,20.88876,1.3072,0.06661,-17.62452,79.59942,61.97491,"BOW","Windward","Windward","Bay of Wrecks","Bay of Wrecks",0,0
"322","2016b","Very Low","VL1","15",3,4,16.00741,29.77704,1.8602,0.11876,-13.09027,22.16146,9.07119,"BOW","Windward","Windward","Bay of Wrecks","Bay of Wrecks",0,0
"323","2016b","Very Low","VL1","15",3,8,16.00741,23.21244,1.45011,0.09546,-4.88598,65.56557,60.67959,"BOW","Windward","Windward","Bay of Wrecks","Bay of Wrecks",0,0
"324","2016b","Very Low","VL3","19",1,4,16.00101,23.01497,1.43834,0.07401,-3.83769,40.22893,36.39124,"BOW","Windward","Windward","Bay of Wrecks","Bay of Wrecks",0,0
"325","2016b","Very Low","VL3","19",1,8,16.00101,18.85127,1.17813,0.05262,-4.5381,55.10466,50.56656,"BOW","Windward","Windward","Bay of Wrecks","Bay of Wrecks",0,0
"326","2016b","Very Low","VL3","19",2,4,16.00523,22.49624,1.40556,0.06991,-3.84404,84.96325,81.11921,"BOW","Windward","Windward","Bay of Wrecks","Bay of Wrecks",0,0
"327","2016b","Very Low","VL3","19",2,8,16.00523,19.11519,1.19431,0.04986,-0.27629,64.43602,64.15973,"BOW","Windward","Windward","Bay of Wrecks","Bay of Wrecks",0,0
"328","2016b","Medium","M1","8",1,4,16.01289,22.1689,1.38444,0.06003,1.71387,90.10641,91.82029,"S.Lagoon","Leeward","Leeward","Leeward","South Lagoon",1212.82819,34.8256829078771
"329","2016b","Medium","M1","8",1,8,16.01289,19.36786,1.20952,0.04015,13.89738,30.26482,44.1622,"S.Lagoon","Leeward","Leeward","Leeward","South Lagoon",1212.82819,34.8256829078771
"330","2016b","Medium","M1","8",2,4,16.00826,22.96511,1.43458,0.06335,44.21811,54.22527,98.44337,"S.Lagoon","Leeward","Leeward","Leeward","South Lagoon",1212.82819,34.8256829078771
"331","2016b","Medium","M1","8",2,8,16.00826,19.35391,1.209,0.0448,41.49912,5.79725,47.29637,"S.Lagoon","Leeward","Leeward","Leeward","South Lagoon",1212.82819,34.8256829078771
"332","2016b","Medium","M1","8",3,4,16.01748,22.59759,1.41081,0.05465,8.55741,37.55116,46.10856,"S.Lagoon","Leeward","Leeward","Leeward","South Lagoon",1212.82819,34.8256829078771
"333","2016b","Medium","M1","8",3,8,16.01748,19.8506,1.23931,0.04291,3.04577,14.03768,17.08345,"S.Lagoon","Leeward","Leeward","Leeward","South Lagoon",1212.82819,34.8256829078771
"334","2016b","Very High","VH1","27",1,4,15.99962,19.93773,1.24614,0.04194,-3.26648,106.58177,103.31529,"N.Lagoon","Leeward","Leeward","Leeward","North Lagoon",7276,85.2994724485445
"335","2016b","Very High","VH1","27",1,8,15.99962,18.15943,1.13499,0.03317,-6.6711,51.87973,45.20863,"N.Lagoon","Leeward","Leeward","Leeward","North Lagoon",7276,85.2994724485445
"336","2016b","Very High","VH1","27",2,4,16.00517,19.30737,1.20632,0.03503,-2.34445,73.36236,71.01791,"N.Lagoon","Leeward","Leeward","Leeward","North Lagoon",7276,85.2994724485445
"337","2016b","Very High","VH1","27",2,8,16.00517,17.28284,1.07983,0.02512,-4.71852,31.59213,26.8736,"N.Lagoon","Leeward","Leeward","Leeward","North Lagoon",7276,85.2994724485445
"338","2016b","Very High","VH1","27",3,4,16.00472,17.91197,1.11917,0.02587,2.4713,120.72383,123.19513,"N.Lagoon","Leeward","Leeward","Leeward","North Lagoon",7276,85.2994724485445
"339","2016b","Very High","VH1","27",3,8,16.00472,16.50216,1.03108,0.01497,-0.03996,43.72287,43.68291,"N.Lagoon","Leeward","Leeward","Leeward","North Lagoon",7276,85.2994724485445
"340","2016b","Very High","VH2","32",1,4,16.00932,21.82516,1.36328,0.06148,8.21076,83.68258,91.89335,"N.Lagoon","Leeward","Leeward","Leeward","Mid Lagoon",4860.7457,69.7190483297069
"341","2016b","Very High","VH2","32",1,8,16.00932,18.75707,1.17163,0.03877,11.37922,32.4197,43.79892,"N.Lagoon","Leeward","Leeward","Leeward","Mid Lagoon",4860.7457,69.7190483297069
"342","2016b","Very High","VH2","32",2,4,16.01919,19.67002,1.2279,0.04653,-3.35416,103.67982,100.32566,"N.Lagoon","Leeward","Leeward","Leeward","Mid Lagoon",4860.7457,69.7190483297069
"343","2016b","Very High","VH2","32",2,8,16.01919,17.36378,1.08394,0.02705,-5.07017,46.65394,41.58377,"N.Lagoon","Leeward","Leeward","Leeward","Mid Lagoon",4860.7457,69.7190483297069
"344","2016b","Very High","VH2","32",3,4,16.00698,19.01331,1.18781,0.03985,4.40578,104.51998,108.92577,"N.Lagoon","Leeward","Leeward","Leeward","Mid Lagoon",4860.7457,69.7190483297069
"345","2016b","Very High","VH2","32",3,8,16.00698,17.08969,1.06764,0.02506,-2.65043,70.35539,67.70496,"N.Lagoon","Leeward","Leeward","Leeward","Mid Lagoon",4860.7457,69.7190483297069
"346","2016b","Very High","VH3","30",1,4,16.00681,26.32504,1.64462,0.07894,1.5642,165.19721,166.76142,"N.Lagoon","Leeward","Leeward","Leeward","North Lagoon",5085.68478,71.3139872675761
"347","2016b","Very High","VH3","30",1,8,16.00681,22.62792,1.41364,0.07415,8.92886,86.71776,95.64662,"N.Lagoon","Leeward","Leeward","Leeward","North Lagoon",5085.68478,71.3139872675761
"348","2016b","Very High","VH3","30",2,4,15.99858,22.26734,1.39183,0.06595,-4.66415,175.30833,170.64418,"N.Lagoon","Leeward","Leeward","Leeward","North Lagoon",5085.68478,71.3139872675761
"349","2016b","Very High","VH3","30",2,8,15.99858,19.47619,1.21737,0.04767,-11.23384,106.20436,94.97051,"N.Lagoon","Leeward","Leeward","Leeward","North Lagoon",5085.68478,71.3139872675761
"350","2016b","Very High","VH3","30",3,4,16.01256,22.6273,1.4131,0.06752,-9.33302,164.54696,155.21395,"N.Lagoon","Leeward","Leeward","Leeward","North Lagoon",5085.68478,71.3139872675761
"351","2016b","Very High","VH3","30",3,8,16.01256,19.61528,1.22499,0.05466,-2.0635,96.54174,94.47824,"N.Lagoon","Leeward","Leeward","Leeward","North Lagoon",5085.68478,71.3139872675761
"352","2016b","Medium","M3","34",1,4,16.00776,21.84488,1.36464,0.05625,-3.32374,113.00083,95.13082,"S.Lagoon","Leeward","Leeward","Leeward","South Lagoon",1212.82819,34.8256829078771
"353","2016b","Medium","M3","34",1,8,16.00776,19.14844,1.1962,0.04531,-2.7061,85.53702,82.83092,"S.Lagoon","Leeward","Leeward","Leeward","South Lagoon",1212.82819,34.8256829078771
"354","2016b","Medium","M3","34",2,4,16.0048,21.29631,1.33062,0.0518,22.64778,66.60504,89.25281,"S.Lagoon","Leeward","Leeward","Leeward","South Lagoon",1212.82819,34.8256829078771
"355","2016b","Medium","M3","34",2,8,16.0048,18.79241,1.17417,0.03933,18.65542,37.72017,56.37558,"S.Lagoon","Leeward","Leeward","Leeward","South Lagoon",1212.82819,34.8256829078771
"356","2016b","Medium","M3","34",3,4,16.00619,21.33554,1.33296,0.04461,11.22435,46.24166,57.46602,"S.Lagoon","Leeward","Leeward","Leeward","South Lagoon",1212.82819,34.8256829078771
"357","2016b","Medium","M3","34",3,8,16.00619,18.44348,1.15227,0.02817,6.42901,19.96662,26.39563,"S.Lagoon","Leeward","Leeward","Leeward","South Lagoon",1212.82819,34.8256829078771
"358","2016b","Medium","M2","35",1,4,16.00581,21.15841,1.32192,0.05187,20.03932,63.70462,83.74393,"S.Lagoon","Leeward","Leeward","Leeward","South Lagoon",1212.82819,34.8256829078771
"359","2016b","Medium","M2","35",1,8,16.00581,18.69443,1.16798,0.04063,18.59868,31.17565,49.77433,"S.Lagoon","Leeward","Leeward","Leeward","South Lagoon",1212.82819,34.8256829078771
"360","2016b","Medium","M2","35",2,4,16.00442,22.75343,1.4217,0.05968,27.3919,71.5332,98.9251,"S.Lagoon","Leeward","Leeward","Leeward","South Lagoon",1212.82819,34.8256829078771
"361","2016b","Medium","M2","35",2,8,16.00442,19.51731,1.2195,0.04719,25.91347,28.57664,54.49012,"S.Lagoon","Leeward","Leeward","Leeward","South Lagoon",1212.82819,34.8256829078771
"362","2016b","Medium","M2","35",3,4,16.00582,24.80828,1.54995,0.07453,12.28333,61.82729,74.11062,"S.Lagoon","Leeward","Leeward","Leeward","South Lagoon",1212.82819,34.8256829078771
"363","2016b","Medium","M2","35",3,8,16.005818,20.853676,1.30288,0.05698,10.68182,26.3146,36.99641,"S.Lagoon","Leeward","Leeward","Leeward","South Lagoon",1212.82819,34.8256829078771
"364","2016a","Very High","VH3","30",3,4,16.012648,22.915536,1.43109,0.063616577,6.153412857,135.1208745,141.2742891,"N.Lagoon","Leeward","Leeward","Leeward","North Lagoon",5085.68478,71.3139872675761
"365","2016a","Very High","VH3","30",3,8,16.012648,19.670193,1.22842,0.04933405,0.474278211,73.64432657,74.11860485,"N.Lagoon","Leeward","Leeward","Leeward","North Lagoon",5085.68478,71.3139872675761
"366","2016a","Very High","VH2","32",1,4,16.010175,22.873109,1.42866,0.067424978,4.195812307,58.14595409,62.34176455,"N.Lagoon","Leeward","Leeward","Leeward","Mid Lagoon",4860.7457,69.7190483297069
"367","2016a","Very High","VH2","32",1,8,16.010175,19.729142,1.23229,0.04083821,11.31420147,23.48278741,34.79698861,"N.Lagoon","Leeward","Leeward","Leeward","Mid Lagoon",4860.7457,69.7190483297069
"368","2016a","Very High","VH2","32",2,4,16.017657,19.561199,1.22123,0.042263159,-3.84316348,103.9375524,100.0943887,"N.Lagoon","Leeward","Leeward","Leeward","Mid Lagoon",4860.7457,69.7190483297069
"369","2016a","Very High","VH2","32",2,8,16.017657,17.425256,1.08788,0.024942979,-3.78797374,46.24572738,42.45775243,"N.Lagoon","Leeward","Leeward","Leeward","Mid Lagoon",4860.7457,69.7190483297069
"370","2016a","Very High","VH2","32",3,4,16.006488,19.282586,1.20467,0.036587291,-8.290587004,93.83307458,85.54248695,"N.Lagoon","Leeward","Leeward","Leeward","Mid Lagoon",4860.7457,69.7190483297069
"371","2016a","Very High","VH2","32",3,8,16.006488,17.296411,1.08059,0.021776131,-7.968942103,44.19364385,36.22470205,"N.Lagoon","Leeward","Leeward","Leeward","Mid Lagoon",4860.7457,69.7190483297069
"372","2016a","Medium","M3","34",1,4,16.007976,22.056116,1.37782,0.054696799,-8.55790155,124.0001946,115.4422919,"S.Lagoon","Leeward","Leeward","Leeward","South Lagoon",1212.82819,34.8256829078771
"373","2016a","Medium","M3","34",1,8,16.007976,19.206721,1.19982,0.044551065,-4.715496572,75.33315487,70.61765839,"S.Lagoon","Leeward","Leeward","Leeward","South Lagoon",1212.82819,34.8256829078771
"374","2016a","Medium","M3","34",2,4,16.003706,21.471761,1.34167,0.054733832,21.90422315,91.42315213,113.3273764,"S.Lagoon","Leeward","Leeward","Leeward","South Lagoon",1212.82819,34.8256829078771
"375","2016a","Medium","M3","34",2,8,16.003706,18.69701,1.16829,0.038676426,20.26670918,38.92738224,59.19409115,"S.Lagoon","Leeward","Leeward","Leeward","South Lagoon",1212.82819,34.8256829078771
"376","2016a","Medium","M3","34",3,4,16.004702,21.397877,1.33697,0.05202665,2.714201138,83.12843229,85.84263363,"S.Lagoon","Leeward","Leeward","Leeward","South Lagoon",1212.82819,34.8256829078771
"377","2016a","Medium","M3","34",3,8,16.004702,18.764677,1.17245,0.036472159,4.887646978,49.67135654,54.55900367,"S.Lagoon","Leeward","Leeward","Leeward","South Lagoon",1212.82819,34.8256829078771
"378","2016a","Medium","M2","35",1,4,16.005977,21.583612,1.34847,0.054110403,14.3448255,48.99212384,63.33694926,"S.Lagoon","Leeward","Leeward","Leeward","South Lagoon",1212.82819,34.8256829078771
"379","2016a","Medium","M2","35",1,8,16.005977,18.945185,1.18363,0.04200558,13.99165738,30.96876177,44.96041864,"S.Lagoon","Leeward","Leeward","Leeward","South Lagoon",1212.82819,34.8256829078771
"380","2016a","Medium","M2","35",2,4,16.007363,22.761886,1.42196,0.063341291,25.58989919,88.31406739,113.9039645,"S.Lagoon","Leeward","Leeward","Leeward","South Lagoon",1212.82819,34.8256829078771
"381","2016a","Medium","M2","35",2,8,16.007363,19.489075,1.21751,0.050447963,28.70522686,24.84366201,53.54889025,"S.Lagoon","Leeward","Leeward","Leeward","South Lagoon",1212.82819,34.8256829078771
