KI Date,Site,Observer,Transect,Species Code,Species,Size (cm),Number,"Sexual Phase (TP, IP, juv)",Time,Depth (m),Slope,Note,,KI Date,Site,Observer,Transect,Species Code,Species,Size (cm),Number,"Sexual Phase (TP, IP, juv)",Time,Depth,Slope,Note,,,
02_08_2019,8,SC,1,,Cephalopholis urodeta,20,1,,1034,9.8,2,,,20_07_2013,8,SC,1,,Sargocentron tiere,24,1,,1330,30,1,,,,Aprion virescens
02_08_2019,8,SC,1,,Cephalopholis urodeta,10,1,,1034,9.8,2,,,20_07_2013,8,SC,1,,Cephalopholis urodeta,15,1,,1330,30,1,,,,Aulostomus chinensis
02_08_2019,8,SC,1,,Cephalopholis urodeta,15,5,,1034,9.8,2,,,20_07_2013,8,SC,1,,Cephalopholis urodeta,10,1,,1330,30,1,,,,Carcharhinus amblyrhynchos
02_08_2019,8,SC,1,,Cephalopholis urodeta,12,3,,1034,9.8,2,,,20_07_2013,8,SC,1,,Cephalopholis urodeta,8,4,,1330,30,1,,,,Carangoides ferdau
02_08_2019,8,SC,1,,Paracirrhites forsteri,9,1,,1034,9.8,2,,,20_07_2013,8,SC,1,,Cephalopholis urodeta,13,2,,1330,30,1,,,,Caranx ignobilis
02_08_2019,8,SC,1,,Monotaxis grandoculis,16,1,,1034,9.8,2,,,20_07_2013,8,SC,1,,Cephalopholis leopardus,11,1,,1330,30,1,,,,Caranx lugubris
02_08_2019,8,SC,1,,Centropyge flavissima,6,3,,1034,9.8,2,,,20_07_2013,8,SC,1,,Pseudanthias dispar,4,26,,1330,30,1,,,,Caranx melampygus
02_08_2019,8,SC,1,,Chromis margaritifer,2,8,,1034,9.8,2,,,20_07_2013,8,SC,1,,Pseudanthias olivaceus,6,20,,1330,30,1,,,,Carcharhinus melanopterus
02_08_2019,8,SC,1,,Chromis margaritifer,3,55,,1034,9.8,2,,,20_07_2013,8,SC,1,,Cirrhitichthys oxycephalis,4,1,,1330,30,1,,,,Carangoides orthogrammus
02_08_2019,8,SC,1,,Chromis vanderbilti,3,10,,1034,9.8,2,,,20_07_2013,8,SC,1,,Paracirrhites arcatus,8,1,,1330,30,1,,,,Caranx sexfasciatus
02_08_2019,8,SC,1,,Plectroglyphidodon dickii,4,4,,1034,9.8,2,,,20_07_2013,8,SC,1,,Paracirrhites arcatus,6,1,,1330,30,1,,,,Cephalopholis argus
02_08_2019,8,SC,1,,Stegastes aureus,7,7,,1034,9.8,2,,,20_07_2013,8,SC,1,,Paracirrhites hemistictus,20,1,,1330,30,1,,,,Cephalopholis miniata
02_08_2019,8,SC,1,,Coris centralis,10,4,,1034,9.8,2,,,20_07_2013,8,SC,1,,Cirripectes stigmaticus,6,2,,1330,30,1,,,,Elagatis bipinnulata
02_08_2019,8,SC,1,,Halichoeres ornatissimus,6,3,,1034,9.8,2,,,20_07_2013,8,SC,1,,Chaetodon lunula,15,1,,1330,30,1,,,,Epinephelus macrospilos
02_08_2019,8,SC,1,,Halichoeres ornatissimus,2,2,,1034,9.8,2,,,20_07_2013,8,SC,1,,Chromis margaritifer,2,4,,1330,30,1,,,,Epinephelus polyphekadion
02_08_2019,8,SC,1,,Macropharyngodon meleagris,4,1,,1034,9.8,2,,,20_07_2013,8,SC,1,,Chromis margaritifer,3,43,,1330,30,1,,,,Epinephelus tauvina
02_08_2019,8,SC,1,,Pseudocheilinus hexataenia,3,1,,1034,9.8,2,,,20_07_2013,8,SC,1,,Chromis vanderbilti,3,206,,1330,30,1,,,,Euthynnus affinis
02_08_2019,8,SC,1,,Thalassoma amblycephalum,3,40,,1034,9.8,2,,,20_07_2013,8,SC,1,,Chromis vanderbilti,2,46,,1330,30,1,,,,Fistularia commersonii
02_08_2019,8,SC,1,,Thalassoma amblycephalum,5,13,,1034,9.8,2,,,20_07_2013,8,SC,1,,Plectroglyphidodon dickii,4,3,,1330,30,1,,,,Gymnothorax javanicus
02_08_2019,8,SC,1,,Thalassoma quinquevittatum,12,1,,1034,9.8,2,,,20_07_2013,8,SC,1,,Plectroglyphidodon dickii,2,1,,1330,30,1,,,,Gymnosarda unicolor
02_08_2019,8,SC,1,,Chlorurus sordidus,20,2,IP,1034,9.8,2,,,20_07_2013,8,SC,1,,Plectroglyphidodon johnstonianus,5,1,,1330,30,1,,,,Lethrinus obsoletus
02_08_2019,8,SC,1,,Scarus frenatus,30,1,IP,1034,9.8,2,,,20_07_2013,8,SC,1,,Stegastes aureus,6,1,,1330,30,1,,,,Lethrinus olivaceus
02_08_2019,8,SC,1,,Acanthurus nigricans,20,2,,1034,9.8,2,,,20_07_2013,8,SC,1,,Gomphosus varius,7,2,,1330,30,1,,,,Lethrinus xanthochilus
02_08_2019,8,SC,1,,Acanthurus nigricans,16,1,,1034,9.8,2,,,20_07_2013,8,SC,1,,Gomphosus varius,3,1,,1330,30,1,,,,Lutjanus bohar
02_08_2019,8,SC,1,,Acanthurus nigricauda,28,2,,1034,9.8,2,,,20_07_2013,8,SC,1,,Gomphosus varius,5,2,,1330,30,1,,,,Lutjanus monostigma
02_08_2019,8,SC,1,,Ctenochaetus marginatus,12,4,,1034,9.8,2,,,20_07_2013,8,SC,1,,Halichoeres hortulanus,20,1,,1330,30,1,,,,Scomberoides lysan
02_08_2019,8,SC,1,,Ctenochaetus striatus,20,2,,1034,9.8,2,,,20_07_2013,8,SC,1,,Halichoeres hortulanus,22,1,,1330,30,1,,,,Sphyraena barracuda
02_08_2019,8,SC,1,,Parupeneus multifasciatus,13,2,,1034,9.8,2,,,20_07_2013,8,SC,1,,Labroides rubrolabiatus,5,2,,1330,30,1,,,,Sphyraena qenie
02_08_2019,8,SC,1,,Fistularia commersonii,50,1,,1034,9.8,2,,,20_07_2013,8,SC,1,,Pseudocheilinus hexataenia,3,1,,1330,30,1,,,,Thunnus albacares
02_08_2019,8,SC,2,,Cephalopholis urodeta,12,8,,1049,12.3,2,,,20_07_2013,8,SC,1,,Thalassoma amblycephalum,5,11,,1330,30,1,,,,Triaenodon obesus
02_08_2019,8,SC,2,,Cephalopholis urodeta,15,3,,1049,12.3,2,,,20_07_2013,8,SC,1,,Thalassoma amblycephalum,9,2,,1330,30,1,,,,Variola louti
02_08_2019,8,SC,2,,Epinephelus fasciatus,22,2,,1049,12.3,2,,,20_07_2013,8,SC,1,,Thalassoma quinquevittatum,9,1,,1330,30,1,,,,Aetobatos narinari
02_08_2019,8,SC,2,,Epinephelus fasciatus,15,1,,1049,12.3,2,,,20_07_2013,8,SC,1,,Thalassoma quinquevittatum,6,1,,1330,30,1,,,,Anampses caeruleopunctatus
02_08_2019,8,SC,2,,Pseudanthias bartlettorum,3,10,,1049,12.3,2,,,20_07_2013,8,SC,1,,Chlorurus sordidus,30,1,TP,1330,30,1,,,,Anampses melanurus
02_08_2019,8,SC,2,,Pseudanthias dispar,5,4,,1049,12.3,2,,,20_07_2013,8,SC,1,,Scarus frenatus,35,1,IP,1330,30,1,,,,Anampses meleagris
02_08_2019,8,SC,2,,Pseudanthias dispar,3,60,,1049,12.3,2,,,20_07_2013,8,SC,1,,Acanthurus nigricans,12,1,,1330,30,1,,,,Anampses twistii
02_08_2019,8,SC,2,,Pseudanthias olivaceus,5,10,,1049,12.3,2,,,20_07_2013,8,SC,1,,Ctenochaetus marginatus,20,1,,1330,30,1,,,,Apogon kallopterus
02_08_2019,8,SC,2,,Chromis margaritifer,2,13,,1049,12.3,2,,,20_07_2013,8,SC,1,,Melichthys niger,22,2,,1330,30,1,,,,Arothron hispidus
02_08_2019,8,SC,2,,Chromis margaritifer,4,30,,1049,12.3,2,,,20_07_2013,8,SC,1,,Parupeneus insularis,20,1,,1330,30,1,,,,Arothron meleagris
02_08_2019,8,SC,2,,Chromis margaritifer,3,20,,1049,12.3,2,,,,,,,,,,,,,,,,,,Arothron stellatus
02_08_2019,8,SC,2,,Pomacentrus coelestis,3,3,,1049,12.3,2,,,,,,,,,,,,,,,,,,Balistapus undulatus
02_08_2019,8,SC,2,,Cheilinus trilobatus,30,1,,1049,12.3,2,,,,,,,,,,,,,,,,,,Balistoides viridescens
02_08_2019,8,SC,2,,Coris centralis,8,2,,1049,12.3,2,,,,,,,,,,,,,,,,,,Bodianus axillaris
02_08_2019,8,SC,2,,Labroides dimidiatus,2,1,,1049,12.3,2,,,,,,,,,,,,,,,,,,Bodianus bilunulatus
02_08_2019,8,SC,2,,Pseudocheilinus hexataenia,5,1,,1049,12.3,2,,,,,,,,,,,,,,,,,,Bodianus loxozonus
02_08_2019,8,SC,2,,Pseudocheilinus hexataenia,3,2,,1049,12.3,2,,,,,,,,,,,,,,,,,,Bolbometopon muricatum
02_08_2019,8,SC,2,,Thalassoma amblycephalum,4,10,,1049,12.3,2,,,,,,,,,,,,,,,,,,Bodianus prognathus
02_08_2019,8,SC,2,,Thalassoma quinquevittatum,9,1,,1049,12.3,2,,,,,,,,,,,,,,,,,,Canthigaster amboinensis
02_08_2019,8,SC,2,,Scarus rubroviolaceus,18,1,IP,1049,12.3,2,,,,,,,,,,,,,,,,,,Canthigaster janthinoptera
02_08_2019,8,SC,2,,Acanthurus nigricans,20,4,,1049,12.3,2,,,,,,,,,,,,,,,,,,Caracanthus maculatus
02_08_2019,8,SC,2,,Acanthurus nigricauda,28,4,,1049,12.3,2,,,,,,,,,,,,,,,,,,Canthigaster solandri
02_08_2019,8,SC,2,,Sufflamen chrysopterum,22,2,,1049,12.3,2,,,,,,,,,,,,,,,,,,Chaetodon auriga
02_08_2019,8,SC,2,,Parupeneus insularis,30,1,,1049,12.3,2,,,,,,,,,,,,,,,,,,Chaetodon bennetti
02_08_2019,8,SC,2,,Parupeneus multifasciatus,16,1,,1049,12.3,2,,,,,,,,,,,,,,,,,,Cheilinus chlorourus
02_08_2019,8,SC,3,,Cephalopholis urodeta,20,1,,1100,12.9,2,,,,,,,,,,,,,,,,,,Chaetodon citrinellus
02_08_2019,8,SC,3,,Cephalopholis urodeta,10,3,,1100,12.9,2,,,,,,,,,,,,,,,,,,Chaetodon ephippium
02_08_2019,8,SC,3,,Cephalopholis urodeta,15,4,,1100,12.9,2,,,,,,,,,,,,,,,,,,Cheilinus fasciatus
02_08_2019,8,SC,3,,Cephalopholis urodeta,12,2,,1100,12.9,2,,,,,,,,,,,,,,,,,,Chaetodon lineolatus
02_08_2019,8,SC,3,,Epinephelus fasciatus,25,1,,1100,12.9,2,,,,,,,,,,,,,,,,,,Chaetodon lunula
02_08_2019,8,SC,3,,Pseudanthias dispar,3,30,,1100,12.9,2,,,,,,,,,,,,,,,,,,Chaetodon lunulatus
02_08_2019,8,SC,3,,Cirrhitichthys oxycephalus,2,1,,1100,12.9,2,,,,,,,,,,,,,,,,,,Chaetodon meyeri
02_08_2019,8,SC,3,,Cirrhitichthys oxycephalus,4,2,,1100,12.9,2,,,,,,,,,,,,,,,,,,Chaetodon ornatissimus
02_08_2019,8,SC,3,,Aphareus furca,30,1,,1100,12.9,2,,,,,,,,,,,,,,,,,,Cheilinus oxycephalus
02_08_2019,8,SC,3,,Valenciennea strigata,3,5,,1100,12.9,2,,,,,,,,,,,,,,,,,,Chaetodon pelewensis
02_08_2019,8,SC,3,,Centropyge flavissima,5,3,,1100,12.9,2,,,,,,,,,,,,,,,,,,Chaetodon quadrimaculatus
02_08_2019,8,SC,3,,Chromis margaritifer,4,13,,1100,12.9,2,,,,,,,,,,,,,,,,,,Chaetodon reticulatus 
02_08_2019,8,SC,3,,Chromis margaritifer,3,22,,1100,12.9,2,,,,,,,,,,,,,,,,,,Chaetodon trifascialis
02_08_2019,8,SC,3,,Chromis margaritifer,2,35,,1100,12.9,2,,,,,,,,,,,,,,,,,,Cheilinus trilobatus
02_08_2019,8,SC,3,,Plectroglyphidodon dickii,4,1,,1100,12.9,2,,,,,,,,,,,,,,,,,,
02_08_2019,8,SC,3,,Pomacentrus coelestis,3,6,,1100,12.9,2,,,,,,,,,,,,,,,,,,Chaetodon ulietensis
02_08_2019,8,SC,3,,Stegastes aureus,7,10,,1100,12.9,2,,,,,,,,,,,,,,,,,,Cheilinus undulatus
02_08_2019,8,SC,3,,Coris gaimard,28,1,TP,1100,12.9,2,,,,,,,,,,,,,,,,,,Chaetodon unimaculatus
02_08_2019,8,SC,3,,Labroides dimidiatus,10,1,,1100,12.9,2,,,,,,,,,,,,,,,,,,Chaetodon vaigiensis
02_08_2019,8,SC,3,,Labroides dimidiatus,9,1,,1100,12.9,2,,,,,,,,,,,,,,,,,,Chaetodon vagabundus
02_08_2019,8,SC,3,,Labroides rubrolabiatus,6,1,,1100,12.9,2,,,,,,,,,,,,,,,,,,Cirrhitops hubbardi
02_08_2019,8,SC,3,,Oxycheilinus unifasciatus,25,1,,1100,12.9,2,,,,,,,,,,,,,,,,,,Cirrhitichthys oxycephalus
02_08_2019,8,SC,3,,Oxycheilinus unifasciatus,13,1,,1100,12.9,2,,,,,,,,,,,,,,,,,,Coris aygula
02_08_2019,8,SC,3,,Pseudocheilinus hexataenia,5,1,,1100,12.9,2,,,,,,,,,,,,,,,,,,Coris centralis
02_08_2019,8,SC,3,,Pseudocheilinus octotaenia,7,1,,1100,12.9,2,,,,,,,,,,,,,,,,,,Coris gaimard
02_08_2019,8,SC,3,,Thalassoma amblycephalum,2,40,,1100,12.9,2,,,,,,,,,,,,,,,,,,Diplogrammus goramensis
02_08_2019,8,SC,3,,Chlorurus sordidus,30,2,IP,1100,12.9,2,,,,,,,,,,,,,,,,,,Diodon hystrix
02_08_2019,8,SC,3,,Hipposcarus longiceps,40,1,TP,1100,12.9,2,,,,,,,,,,,,,,,,,,Echidna nebulosus
02_08_2019,8,SC,3,,Acanthurus nigricauda,25,4,,1100,12.9,2,,,,,,,,,,,,,,,,,,Echidna unicolor
02_08_2019,8,SC,3,,Ctenochaetus marginatus,22,1,,1100,12.9,2,,,,,,,,,,,,,,,,,,Enchelychore pardalis
02_08_2019,8,SC,3,,Ctenochaetus marginatus,12,1,,1100,12.9,2,,,,,,,,,,,,,,,,,,Epibulus insidiator
02_08_2019,8,SC,3,,Balistapus undulatus,8,1,,1100,12.9,2,,,,,,,,,,,,,,,,,,Eviota albolineata
02_08_2019,8,SC,3,,Parupeneus barberinus,28,1,,1100,12.9,2,,,,,,,,,,,,,,,,,,Eviota sp
03_08_2019,6,SC,1,,Cephalopholis urodeta,20,1,,1255,10.1,2,,,,,,,,,,,,,,,,,,Forcipiger flavissimus
03_08_2019,6,SC,1,,Cephalopholis urodeta,15,1,,1255,10.1,2,,,,,,,,,,,,,,,,,,Forcipiger longirostris
03_08_2019,6,SC,1,,Pseudanthias bartlettorum,4,20,,1255,10.1,2,,,,,,,,,,,,,,,,,,Gnathodentex aureolineatus
03_08_2019,6,SC,1,,Pseudanthias olivaceus,5,40,,1255,10.1,2,,,,,,,,,,,,,,,,,,Gnathanodon speciosus
03_08_2019,6,SC,1,,Aphareus furca,24,1,,1255,10.1,2,,,,,,,,,,,,,,,,,,Gnatholepis sp
03_08_2019,6,SC,1,,Centropyge loricula,5,2,,1255,10.1,2,,,,,,,,,,,,,,,,,,Gomphosus varius
03_08_2019,6,SC,1,,Centropyge flavissima,5,1,,1255,10.1,2,,,,,,,,,,,,,,,,,,gobiid sp
03_08_2019,6,SC,1,,Chromis margaritifer,2,10,,1255,10.1,2,,,,,,,,,,,,,,,,,,Halichoeres hortulanus
03_08_2019,6,SC,1,,Chromis margaritifer,3,28,,1255,10.1,2,,,,,,,,,,,,,,,,,,Halichoeres melasmapomus
03_08_2019,6,SC,1,,Chromis margaritifer,4,35,,1255,10.1,2,,,,,,,,,,,,,,,,,,Halichoeres marginatus
03_08_2019,6,SC,1,,Chromis vanderbilti,2,3,,1255,10.1,2,,,,,,,,,,,,,,,,,,Halichoeres margaritaceus
03_08_2019,6,SC,1,,Chromis vanderbilti,3,10,,1255,10.1,2,,,,,,,,,,,,,,,,,,Halichoeres pallidus
03_08_2019,6,SC,1,,Stegastes aureus,7,2,,1255,10.1,2,,,,,,,,,,,,,,,,,,Halichoeres ornatissimus
03_08_2019,6,SC,1,,Gomphosus varius,4,1,,1255,10.1,2,,,,,,,,,,,,,,,,,,Halichoeres trimaculatus
03_08_2019,6,SC,1,,Gomphosus varius,7,1,,1255,10.1,2,,,,,,,,,,,,,,,,,,Heniochus chrysostomus
03_08_2019,6,SC,1,,Halichoeres ornatissimus,9,1,,1255,10.1,2,,,,,,,,,,,,,,,,,,Hemigymnus fasciatus
03_08_2019,6,SC,1,,Labroides bicolor,9,1,,1255,10.1,2,,,,,,,,,,,,,,,,,,Hologymnosus annulatus
03_08_2019,6,SC,1,,Labroides dimidiatus,2,1,,1255,10.1,2,,,,,,,,,,,,,,,,,,Hologymnosus doliatus
03_08_2019,6,SC,1,,Labroides dimidiatus,6,1,,1255,10.1,2,,,,,,,,,,,,,,,,,,Labroides bicolor
03_08_2019,6,SC,1,,Labroides dimidiatus,10,1,,1255,10.1,2,,,,,,,,,,,,,,,,,,Labroides dimidiatus
03_08_2019,6,SC,1,,Thalassoma amblycephalum,3,23,,1255,10.1,2,,,,,,,,,,,,,,,,,,Labroides pectoralis
03_08_2019,6,SC,1,,Calotomus carolinus,22,1,IP,1255,10.1,2,,,,,,,,,,,,,,,,,,Labroides rubrolabiatus
03_08_2019,6,SC,1,,Chlorurus sordidus,22,1,IP,1255,10.1,2,,,,,,,,,,,,,,,,,,Labrichthys unilineatus
03_08_2019,6,SC,1,,Scarus frenatus,24,1,IP,1255,10.1,2,,,,,,,,,,,,,,,,,,Malacanthus latovittatus
03_08_2019,6,SC,1,,Acanthurus nigricans,13,4,,1255,10.1,2,,,,,,,,,,,,,,,,,,Macropharyngodon meleagris
03_08_2019,6,SC,1,,Acanthurus nigricans,20,9,,1255,10.1,2,,,,,,,,,,,,,,,,,,Melichthys vidua
03_08_2019,6,SC,1,,Ctenochaetus striatus,20,6,,1255,10.1,2,,,,,,,,,,,,,,,,,,Monotaxis grandoculis
03_08_2019,6,SC,1,,Ctenochaetus striatus,12,7,,1255,10.1,2,,,,,,,,,,,,,,,,,,Mulloidichthys flavolineatus
03_08_2019,6,SC,1,,Canthigaster solandri,6,2,,1255,10.1,2,,,,,,,,,,,,,,,,,,Mulloidichthys mimicus
03_08_2019,6,SC,2,,Sargocentron caudimaculatum,20,2,,1310,10.9,2,,,,,,,,,,,,,,,,,,Mulloidichthys vanicolensis
03_08_2019,6,SC,2,,Cephalopholis urodeta,13,1,,1310,10.9,2,,,,,,,,,,,,,,,,,,Neoniphon opercularis
03_08_2019,6,SC,2,,Pseudanthias dispar,5,1,,1310,10.9,2,,,,,,,,,,,,,,,,,,Neoniphon sammara
03_08_2019,6,SC,2,,Pseudanthias olivaceus,3,10,,1310,10.9,2,,,,,,,,,,,,,,,,,,Novaculichthys taeniourus
03_08_2019,6,SC,2,,Paracirrhites forsteri,13,1,,1310,10.9,2,,,,,,,,,,,,,,,,,,Paracirrhites arcatus
03_08_2019,6,SC,2,,Paracirrhites hemistictus,25,1,,1310,10.9,2,,,,,,,,,,,,,,,,,,Parupeneus barberinus
03_08_2019,6,SC,2,,Lutjanus fulvus,22,1,,1310,10.9,2,,,,,,,,,,,,,,,,,,Parupeneus cyclostomus
03_08_2019,6,SC,2,,Forcipiger longirostris,14,1,,1310,10.9,2,,,,,,,,,,,,,,,,,,Parupeneus insularis
03_08_2019,6,SC,2,,Chromis margaritifer,2,24,,1310,10.9,2,,,,,,,,,,,,,,,,,,Parapercis lata
03_08_2019,6,SC,2,,Chromis margaritifer,4,20,,1310,10.9,2,,,,,,,,,,,,,,,,,,Parapercis millepunctata
03_08_2019,6,SC,2,,Chromis margaritifer,3,20,,1310,10.9,2,,,,,,,,,,,,,,,,,,Parupeneus multifasciatus
03_08_2019,6,SC,2,,Chromis acares,3,2,,1310,10.9,2,,,,,,,,,,,,,,,,,,Parupeneus pleurostigma
03_08_2019,6,SC,2,,Plectroglyphidodon dickii,3,3,,1310,10.9,2,,,,,,,,,,,,,,,,,,Paracirrhites xanthus
03_08_2019,6,SC,2,,Stegastes aureus,7,4,,1310,10.9,2,,,,,,,,,,,,,,,,,,Parupeneus sp
03_08_2019,6,SC,2,,Cheilinus trilobatus,25,1,TP,1310,10.9,2,,,,,,,,,,,,,,,,,,Plectroglyphidodon imparipennis
03_08_2019,6,SC,2,,Gomphosus varius,10,2,,1310,10.9,2,,,,,,,,,,,,,,,,,,Plectroglyphidodon johnstonianus
03_08_2019,6,SC,2,,Gomphosus varius,6,1,,1310,10.9,2,,,,,,,,,,,,,,,,,,Pomacanthus imperator
03_08_2019,6,SC,2,,Halichoeres hortulanus,8,1,IP,1310,10.9,2,,,,,,,,,,,,,,,,,,Pseudobalistes flavimarginatus
03_08_2019,6,SC,2,,Halichoeres hortulanus,6,1,IP,1310,10.9,2,,,,,,,,,,,,,,,,,,Pseudocheilinus hexataenia
03_08_2019,6,SC,2,,Halichoeres hortulanus,2,1,juv,1310,10.9,2,,,,,,,,,,,,,,,,,,Pseudodax moluccanus
03_08_2019,6,SC,2,,Halichoeres ornatissimus,5,4,,1310,10.9,2,,,,,,,,,,,,,,,,,,Pseudocheilinus octotaenia
03_08_2019,6,SC,2,,Labroides dimidiatus,7,3,,1310,10.9,2,,,,,,,,,,,,,,,,,,Pseudocheilinus sp
03_08_2019,6,SC,2,,Labroides dimidiatus,4,1,,1310,10.9,2,,,,,,,,,,,,,,,,,,Rhinecanthus rectangulus
03_08_2019,6,SC,2,,Labroides rubrolabiatus,7,1,,1310,10.9,2,,,,,,,,,,,,,,,,,,Rhinecanthus aculeatus
03_08_2019,6,SC,2,,Pseudocheilinus hexataenia,3,1,,1310,10.9,2,,,,,,,,,,,,,,,,,,Sargocentron caudimaculatum
03_08_2019,6,SC,2,,Pseudocheilinus octotaenia,10,1,,1310,10.9,2,,,,,,,,,,,,,,,,,,Sargocentron diadema
03_08_2019,6,SC,2,,Thalassoma amblycephalum,3,20,,1310,10.9,2,,,,,,,,,,,,,,,,,,Sargocentron ittodai
03_08_2019,6,SC,2,,Chlorurus sordidus,32,1,TP,1310,10.9,2,,,,,,,,,,,,,,,,,,Sargocentron tiere
03_08_2019,6,SC,2,,Chlorurus sordidus,20,2,IP,1310,10.9,2,,,,,,,,,,,,,,,,,,Sebastapistes coniorta
03_08_2019,6,SC,2,,Chlorurus sordidus,22,3,IP,1310,10.9,2,,,,,,,,,,,,,,,,,,Sebastapistes cyanostigma
03_08_2019,6,SC,2,,Scarus globiceps,28,1,TP,1310,10.9,2,,,,,,,,,,,,,,,,,,Sebastipes sp.
03_08_2019,6,SC,2,,Acanthurus nigricans,20,1,,1310,10.9,2,,,,,,,,,,,,,,,,,,Stethojulis bandanensis
03_08_2019,6,SC,2,,Acanthurus nigricans,14,6,,1310,10.9,2,,,,,,,,,,,,,,,,,,Sufflamen bursa
03_08_2019,6,SC,2,,Acanthurus nigricauda,25,1,,1310,10.9,2,,,,,,,,,,,,,,,,,,Sufflamen chrysopterum
03_08_2019,6,SC,2,,Ctenochaetus marginatus,13,2,,1310,10.9,2,,,,,,,,,,,,,,,,,,Sufflamen fraenatum
03_08_2019,6,SC,2,,Ctenochaetus striatus,20,3,,1310,10.9,2,,,,,,,,,,,,,,,,,,Synchiropus moyeri
03_08_2019,6,SC,3,,Sargocentron caudimaculatum,16,2,,1327,11.1,2,,,,,,,,,,,,,,,,,,Synchiropus ocellatus
03_08_2019,6,SC,3,,Cephalopholis urodeta,12,1,,1327,11.1,2,,,,,,,,,,,,,,,,,,Thalassoma lunare
03_08_2019,6,SC,3,,Pseudanthias bartlettorum,5,60,,1327,11.1,2,,,,,,,,,,,,,,,,,,Thalassoma lutescens
03_08_2019,6,SC,3,,Centropyge loricula,5,2,,1327,11.1,2,,,,,,,,,,,,,,,,,,Thalassoma purpureum
03_08_2019,6,SC,3,,Centropyge flavissima,6,1,,1327,11.1,2,,,,,,,,,,,,,,,,,,Thalassoma quinquevittatum
03_08_2019,6,SC,3,,Chromis margaritifer,4,36,,1327,11.1,2,,,,,,,,,,,,,,,,,,Thalassoma trilobatum
03_08_2019,6,SC,3,,Chromis margaritifer,3,23,,1327,11.1,2,,,,,,,,,,,,,,,,,,Thalassoma sp
03_08_2019,6,SC,3,,Chromis margaritifer,2,20,,1327,11.1,2,,,,,,,,,,,,,,,,,,Valenciennea helsdingenii
03_08_2019,6,SC,3,,Chromis vanderbilti,4,3,,1327,11.1,2,,,,,,,,,,,,,,,,,,Valenciennea strigata
03_08_2019,6,SC,3,,Stegastes aureus,7,5,,1327,11.1,2,,,,,,,,,,,,,,,,,,Zanclus cornutus
03_08_2019,6,SC,3,,Chromis acares,3,18,,1327,11.1,2,,,,,,,,,,,,,,,,,,Nebrius ferrugineus
03_08_2019,6,SC,3,,Cheilinus trilobatus,25,1,TP,1327,11.1,2,,,,,,,,,,,,,,,,,,Pogonoperca punctata
03_08_2019,6,SC,3,,Gomphosus varius,2,1,,1327,11.1,2,,,,,,,,,,,,,,,,,,Sargocentron spiniferum
03_08_2019,6,SC,3,,Gomphosus varius,4,1,,1327,11.1,2,,,,,,,,,,,,,,,,,,Acanthurus blochii
03_08_2019,6,SC,3,,Halichoeres hortulanus,3,1,juv,1327,11.1,2,,,,,,,,,,,,,,,,,,Acanthurus dussumieri
03_08_2019,6,SC,3,,Halichoeres ornatissimus,4,1,,1327,11.1,2,,,,,,,,,,,,,,,,,,Acanthurus olivaceus
03_08_2019,6,SC,3,,Labroides dimidiatus,3,1,,1327,11.1,2,,,,,,,,,,,,,,,,,,Acanthurus xanthopterus
03_08_2019,6,SC,3,,Pseudocheilinus hexataenia,4,1,,1327,11.1,2,,,,,,,,,,,,,,,,,,Coryphopterus neophytus
03_08_2019,6,SC,3,,Pseudocheilinus hexataenia,5,1,,1327,11.1,2,,,,,,,,,,,,,,,,,,Ctenochaetus binotatus
03_08_2019,6,SC,3,,Pseudocheilinus octotaenia,6,2,,1327,11.1,2,,,,,,,,,,,,,,,,,,Ctenochaetus cyanocheilus
03_08_2019,6,SC,3,,Pseudocheilinus octotaenia,4,1,,1327,11.1,2,,,,,,,,,,,,,,,,,,Ctenochaetus flavicauda
03_08_2019,6,SC,3,,Thalassoma amblycephalum,3,20,,1327,11.1,2,,,,,,,,,,,,,,,,,,Ctenochaetus hawaiiensis
03_08_2019,6,SC,3,,Thalassoma amblycephalum,4,10,,1327,11.1,2,,,,,,,,,,,,,,,,,,Ctenochaetus marginatus
03_08_2019,6,SC,3,,Thalassoma amblycephalum,2,10,,1327,11.1,2,,,,,,,,,,,,,,,,,,Ctenochaetus striatus
03_08_2019,6,SC,3,,Thalassoma lutescens,20,1,IP,1327,11.1,2,,,,,,,,,,,,,,,,,,Acanthurus leucochilus
03_08_2019,6,SC,3,,Calotomus carolinus,24,2,IP,1327,11.1,2,,,,,,,,,,,,,,,,,,Acanthurus achilles
03_08_2019,6,SC,3,,Chlorurus sordidus,30,1,TP,1327,11.1,2,,,,,,,,,,,,,,,,,,Acanthurus achilles x nigricans
03_08_2019,6,SC,3,,Chlorurus sordidus,24,1,IP,1327,11.1,2,,,,,,,,,,,,,,,,,,Acanthurus guttatus
03_08_2019,6,SC,3,,Chlorurus sordidus,20,4,IP,1327,11.1,2,,,,,,,,,,,,,,,,,,Acanthurus lineatus
03_08_2019,6,SC,3,,Scarus globiceps,25,1,TP,1327,11.1,2,,,,,,,,,,,,,,,,,,Acanthurus nigrofuscus
03_08_2019,6,SC,3,,Acanthurus nigricans,20,2,,1327,11.1,2,,,,,,,,,,,,,,,,,,Acanthurus nigroris
03_08_2019,6,SC,3,,Ctenochaetus marginatus,12,2,,1327,11.1,2,,,,,,,,,,,,,,,,,,Acanthurus nigricans
03_08_2019,6,SC,3,,Ctenochaetus striatus,20,4,,1327,11.1,2,,,,,,,,,,,,,,,,,,Acanthurus pyroferus
04_08_2019,27,SC,1,,Cephalopholis urodeta,7,2,,1234,9.5,2,,,,,,,,,,,,,,,,,,Acanthurus triostegus
04_08_2019,27,SC,1,,Epinephelus melanostigma,25,1,,1234,9.5,2,,,,,,,,,,,,,,,,,,Acanthurus sp
04_08_2019,27,SC,1,,Epinephelus fasciatus,24,2,,1234,9.5,2,,,,,,,,,,,,,,,,,,Calotomus carolinus
04_08_2019,27,SC,1,,Pseudanthias cooperi,4,26,,1234,9.5,2,,,,,,,,,,,,,,,,,,Cetoscarus bicolor
04_08_2019,27,SC,1,,Pseudanthias cooperi,5,2,,1234,9.5,2,,,,,,,,,,,,,,,,,,Centropyge flavissima
04_08_2019,27,SC,1,,Cirrhitichthys oxycephalus,3,11,,1234,9.5,2,,,,,,,,,,,,,,,,,,Centropyge loricula
04_08_2019,27,SC,1,,Ostorhinchus angustatus,3,2,,1234,9.5,2,,,,,,,,,,,,,,,,,,Chlorurus frontalis
04_08_2019,27,SC,1,,Valenciennea strigata,5,1,,1234,9.5,2,,,,,,,,,,,,,,,,,,Chlorurus microrhinos
04_08_2019,27,SC,1,,Chromis margaritifer,4,2,,1234,9.5,2,,,,,,,,,,,,,,,,,,Chlorurus sordidus
04_08_2019,27,SC,1,,Pomacentrus coelestis,3,28,,1234,9.5,2,,,,,,,,,,,,,,,,,,Cirripectes auritus
04_08_2019,27,SC,1,,Coris centralis,4,1,,1234,9.5,2,,,,,,,,,,,,,,,,,,Cirripectes stigmaticus
04_08_2019,27,SC,1,,Halichoeres ornatissimus,5,3,,1234,9.5,2,,,,,,,,,,,,,,,,,,Cirripectes variolosus
04_08_2019,27,SC,1,,Halichoeres ornatissimus,3,1,,1234,9.5,2,,,,,,,,,,,,,,,,,,Cirripectes sp
04_08_2019,27,SC,1,,Labroides dimidiatus,5,1,,1234,9.5,2,,,,,,,,,,,,,,,,,,Hipposcarus longiceps
04_08_2019,27,SC,1,,Novaculichthys taeniourus,25,1,,1234,9.5,2,,,,,,,,,,,,,,,,,,Kyphosus bigibbus
04_08_2019,27,SC,1,,Pseudocheilinus octotaenia,5,2,,1234,9.5,2,,,,,,,,,,,,,,,,,,Kyphosus cinerascens
04_08_2019,27,SC,1,,Stethojulis bandanensis,7,2,,1234,9.5,2,,,,,,,,,,,,,,,,,,Kyphosus vaigiensis
04_08_2019,27,SC,1,,Stethojulis bandanensis,5,1,,1234,9.5,2,,,,,,,,,,,,,,,,,,Kyphosus sp
04_08_2019,27,SC,1,,Thalassoma amblycephalum,4,12,,1234,9.5,2,,,,,,,,,,,,,,,,,,Leptoscarus vaigiensis
04_08_2019,27,SC,1,,Thalassoma amblycephalum,2,12,,1234,9.5,2,,,,,,,,,,,,,,,,,,Naso lituratus
04_08_2019,27,SC,1,,Acanthurus nigricauda,25,2,,1234,9.5,2,,,,,,,,,,,,,,,,,,Naso unicornis
04_08_2019,27,SC,1,,Acanthurus olivaceus,22,21,,1234,9.5,2,,,,,,,,,,,,,,,,,,Scarus altipinnis
04_08_2019,27,SC,1,,Acanthurus olivaceus,25,3,,1234,9.5,2,,,,,,,,,,,,,,,,,,Scarus festivus
04_08_2019,27,SC,1,,Odonus niger,12,17,,1234,9.5,2,,,,,,,,,,,,,,,,,,Scarus forsteni
04_08_2019,27,SC,1,,Odonus niger,9,5,,1234,9.5,2,,,,,,,,,,,,,,,,,,Scarus frenatus
04_08_2019,27,SC,1,,Sufflamen chrysopterum,20,1,,1234,9.5,2,,,,,,,,,,,,,,,,,,Scarus ghobban
04_08_2019,27,SC,1,,Sufflamen fraenatum,24,1,,1234,9.5,2,,,,,,,,,,,,,,,,,,Scarus globiceps
04_08_2019,27,SC,1,,Parupeneus multifasciatus,7,1,,1234,9.5,2,,,,,,,,,,,,,,,,,,Scarus niger
04_08_2019,27,SC,1,,Gymnothorax breedeni,50,1,,1234,9.5,2,,,,,,,,,,,,,,,,,,Scarus oviceps
04_08_2019,27,SC,1,,Canthigaster solandri,4,2,,1234,9.5,2,,,,,,,,,,,,,,,,,,Scarus psittacus
04_08_2019,27,SC,1,,Canthigaster solandri,6,1,,1234,9.5,2,,,,,,,,,,,,,,,,,,Scarus rubroviolaceus
04_08_2019,27,SC,2,,Cephalopholis urodeta,6,3,,1256,9.8,2,,,,,,,,,,,,,,,,,,Scarus spinus
04_08_2019,27,SC,2,,Cephalopholis urodeta,5,1,,1256,9.8,2,,,,,,,,,,,,,,,,,,Scarus tricolor
04_08_2019,27,SC,2,,Epinephelus fasciatus,24,9,,1256,9.8,2,,,,,,,,,,,,,,,,,,Scarus sp
04_08_2019,27,SC,2,,Pseudanthias cooperi,4,16,,1256,9.8,2,,,,,,,,,,,,,,,,,,Stegastes aureus
04_08_2019,27,SC,2,,Pseudanthias dispar,4,6,,1256,9.8,2,,,,,,,,,,,,,,,,,,Stegastes fasciolatus
04_08_2019,27,SC,2,,Pseudanthias dispar,3,10,,1256,9.8,2,,,,,,,,,,,,,,,,,,Stegastes nigricans
04_08_2019,27,SC,2,,Cirrhitichthys oxycephalus,3,2,,1256,9.8,2,,,,,,,,,,,,,,,,,,Zebrasoma rostratum
04_08_2019,27,SC,2,,Cirrhitichthys oxycephalus,4,17,,1256,9.8,2,,,,,,,,,,,,,,,,,,Zebrasoma scopas
04_08_2019,27,SC,2,,Ostorhinchus angustatus,3,2,,1256,9.8,2,,,,,,,,,,,,,,,,,,Zebrasoma veliferum
04_08_2019,27,SC,2,,gobiid sp,3,2,,1256,9.8,2,,,,,,,,,,,,,,,,,,Acanthurus maculiceps
04_08_2019,27,SC,2,,Plagiotremus tapeinosoma,4,1,,1256,9.8,2,,,,,,,,,,,,,,,,,,Acanthurus nigricauda
04_08_2019,27,SC,2,,Valenciennea strigata,6,1,,1256,9.8,2,,,,,,,,,,,,,,,,,,NA
04_08_2019,27,SC,2,,Pomacentrus coelestis,2,2,,1256,9.8,2,,,,,,,,,,,,,,,,,,Abudefduf viagiensis
04_08_2019,27,SC,2,,Pomacentrus coelestis,3,19,,1256,9.8,2,,,,,,,,,,,,,,,,,,Aluterus scripta
04_08_2019,27,SC,2,,Coris centralis,3,5,,1256,9.8,2,,,,,,,,,,,,,,,,,,Amanses scopas
04_08_2019,27,SC,2,,Labroides dimidiatus,4,6,,1256,9.8,2,,,,,,,,,,,,,,,,,,Apolemichthys xanthopunctatus
04_08_2019,27,SC,2,,Labroides dimidiatus,7,5,,1256,9.8,2,,,,,,,,,,,,,,,,,,Cantherhines dumerilii
04_08_2019,27,SC,2,,Pseudocheilinus octotaenia,5,1,,1256,9.8,2,,,,,,,,,,,,,,,,,,Cantherhines pardalis
04_08_2019,27,SC,2,,Stethojulis bandanensis,5,1,,1256,9.8,2,,,,,,,,,,,,,,,,,,Cantherhines sandwichiensis
04_08_2019,27,SC,2,,Thalassoma amblycephalum,4,20,,1256,9.8,2,,,,,,,,,,,,,,,,,,Ostracion meleagris
04_08_2019,27,SC,2,,Thalassoma lunare,2,2,,1256,9.8,2,,,,,,,,,,,,,,,,,,Pervagor aspricauda
04_08_2019,27,SC,2,,Acanthurus nigricauda,24,2,,1256,9.8,2,,,,,,,,,,,,,,,,,,Pervagor sp
04_08_2019,27,SC,2,,Acanthurus olivaceus,22,14,,1256,9.8,2,,,,,,,,,,,,,,,,,,Plectroglyphidodon dickii
04_08_2019,27,SC,2,,Melichthys vidua,20,2,,1256,9.8,2,,,,,,,,,,,,,,,,,,Platax orbicularis
04_08_2019,27,SC,2,,Odonus niger,5,1,,1256,9.8,2,,,,,,,,,,,,,,,,,,Plectroglyphidodon phoenixensis
04_08_2019,27,SC,2,,Odonus niger,7,2,,1256,9.8,2,,,,,,,,,,,,,,,,,,Antennarius sp
04_08_2019,27,SC,2,,Odonus niger,10,3,,1256,9.8,2,,,,,,,,,,,,,,,,,,Aphareus furca
04_08_2019,27,SC,2,,Sufflamen chrysopterum,20,2,,1256,9.8,2,,,,,,,,,,,,,,,,,,Bothus mancus
04_08_2019,27,SC,2,,Parupeneus multifasciatus,6,1,,1256,9.8,2,,,,,,,,,,,,,,,,,,Cephalopholis leopardus
04_08_2019,27,SC,2,,Canthigaster solandri,6,6,,1256,9.8,2,,,,,,,,,,,,,,,,,,Cephalopholis urodeta
04_08_2019,27,SC,2,,Canthigaster solandri,4,5,,1256,9.8,2,,,,,,,,,,,,,,,,,,Epinephelus fasciatus
04_08_2019,27,SC,3,,Cephalopholis urodeta,9,1,,1312,10.5,2,"Also saw Iniistius pavo, one at 3mm, on this transect ",,,,,,,,,,,,,,,,,Epinephelus hexagonatus
04_08_2019,27,SC,3,,Cephalopholis urodeta,6,1,,1312,10.5,2,,,,,,,,,,,,,,,,,,Epinephelus howlandi
04_08_2019,27,SC,3,,Pseudanthias cooperi,4,32,,1312,10.5,2,,,,,,,,,,,,,,,,,,Epinephelus maculatus
04_08_2019,27,SC,3,,Cirrhitichthys oxycephalus,4,5,,1312,10.5,2,,,,,,,,,,,,,,,,,,Epinephelus melanostigma
04_08_2019,27,SC,3,,Valenciennea strigata,5,2,,1312,10.5,2,,,,,,,,,,,,,,,,,,Epinephelus retouti
04_08_2019,27,SC,3,,Valenciennea strigata,4,1,,1312,10.5,2,,,,,,,,,,,,,,,,,,Epinephelus spilotoceps
04_08_2019,27,SC,3,,gobiid sp,3,7,,1312,10.5,2,,,,,,,,,,,,,,,,,,Gracila albomarginata
04_08_2019,27,SC,3,,gobiid sp,2,4,,1312,10.5,2,,,,,,,,,,,,,,,,,,Gymnothorax breedeni
04_08_2019,27,SC,3,,Pomacentrus coelestis,3,22,,1312,10.5,2,,,,,,,,,,,,,,,,,,Gymnothorax flavimarginatus
04_08_2019,27,SC,3,,Coris centralis,5,2,,1312,10.5,2,,,,,,,,,,,,,,,,,,Gymnothorax meleagris
04_08_2019,27,SC,3,,Coris centralis,3,13,,1312,10.5,2,,,,,,,,,,,,,,,,,,Gymnothorax monostigma
04_08_2019,27,SC,3,,Coris centralis,4,6,,1312,10.5,2,,,,,,,,,,,,,,,,,,Gymnothorax undulatus
04_08_2019,27,SC,3,,Labroides dimidiatus,3,1,,1312,10.5,2,,,,,,,,,,,,,,,,,,Gymnothorax sp
04_08_2019,27,SC,3,,Stethojulis bandanensis,5,1,,1312,10.5,2,,,,,,,,,,,,,,,,,,Lethrinus rubrioperculatus
04_08_2019,27,SC,3,,Thalassoma amblycephalum,3,23,,1312,10.5,2,,,,,,,,,,,,,,,,,,Lethrinus sp
04_08_2019,27,SC,3,,Echidna nebulosus,50,1,,1312,10.5,2,,,,,,,,,,,,,,,,,,Lutjanus fulvus
04_08_2019,27,SC,3,,Sufflamen fraenatum,20,2,,1312,10.5,2,,,,,,,,,,,,,,,,,,Lutjanus gibbus
04_08_2019,27,SC,3,,Odonus niger,4,2,,1312,10.5,2,,,,,,,,,,,,,,,,,,Lutjanus kasmira
04_08_2019,27,SC,3,,Odonus niger,8,7,,1312,10.5,2,,,,,,,,,,,,,,,,,,Oxycheilinus diagrammus
04_08_2019,27,SC,3,,Sufflamen chrysopterum,20,2,,1312,10.5,2,,,,,,,,,,,,,,,,,,Oxycheilinus unifasciatus
04_08_2019,27,SC,3,,Sufflamen chrysopterum,3,1,,1312,10.5,2,,,,,,,,,,,,,,,,,,Paracirrhites forsteri
04_08_2019,27,SC,3,,Sufflamen chrysopterum,10,1,,1312,10.5,2,,,,,,,,,,,,,,,,,,Paracirrhites hemistictus
04_08_2019,27,SC,3,,Sufflamen chrysopterum,6,4,,1312,10.5,2,,,,,,,,,,,,,,,,,,Pterois antennata
04_08_2019,27,SC,3,,Ctenochaetus striatus,3,1,,1312,10.5,2,,,,,,,,,,,,,,,,,,Pterois radiata
04_08_2019,27,SC,3,,Acanthurus olivaceus,2,1,,1312,10.5,2,,,,,,,,,,,,,,,,,,Pterois volitans
04_08_2019,27,SC,3,,Canthigaster solandri,4,10,,1312,10.5,2,,,,,,,,,,,,,,,,,,Sphyraena helleri
04_08_2019,27,SC,3,,Canthigaster solandri,6,2,,1312,10.5,2,,,,,,,,,,,,,,,,,,Synodus binotatus
04_08_2019,32,SC,1,,Cephalopholis urodeta,10,2,,1553,11.1,2,,,,,,,,,,,,,,,,,,Synodus dermatogenys
04_08_2019,32,SC,1,,Epinephelus tauvina,35,1,,1553,11.1,2,,,,,,,,,,,,,,,,,,Synodus jaculum
04_08_2019,32,SC,1,,Cephalopholis miniata,15,1,,1553,11.1,2,,,,,,,,,,,,,,,,,,Synodus variegatus
04_08_2019,32,SC,1,,Pseudanthias cooperi,4,10,,1553,11.1,2,,,,,,,,,,,,,,,,,,Synanceia verrucosa
04_08_2019,32,SC,1,,Cirrhitichthys oxycephalus,5,3,,1553,11.1,2,,,,,,,,,,,,,,,,,,Synodus sp
04_08_2019,32,SC,1,,Paracirrhites forsteri,5,1,,1553,11.1,2,,,,,,,,,,,,,,,,,,Acanthurus albipectoralis
04_08_2019,32,SC,1,,Ostorhinchus angustatus,7,14,,1553,11.1,2,,,,,,,,,,,,,,,,,,Acanthurus thompsoni
04_08_2019,32,SC,1,,Lutjanus gibbus,10,4,,1553,11.1,2,,,,,,,,,,,,,,,,,,apogonid sp
04_08_2019,32,SC,1,,Lutjanus kasmira,9,28,,1553,11.1,2,,,,,,,,,,,,,,,,,,Aspidontus dussumieri
04_08_2019,32,SC,1,,Aphareus furca,30,1,,1553,11.1,2,,,,,,,,,,,,,,,,,,Aspidontus taeniatus
04_08_2019,32,SC,1,,Centropyge flavissima,5,2,,1553,11.1,2,,,,,,,,,,,,,,,,,,Caesio sp.
04_08_2019,32,SC,1,,Chaetodon auriga,13,4,,1553,11.1,2,,,,,,,,,,,,,,,,,,Caesio teres
04_08_2019,32,SC,1,,Heniochus acuminatus,14,2,,1553,11.1,2,,,,,,,,,,,,,,,,,,Chromis acares
04_08_2019,32,SC,1,,Chromis margaritifer,2,13,,1553,11.1,2,,,,,,,,,,,,,,,,,,Chromis agilis
04_08_2019,32,SC,1,,Chromis margaritifer,4,30,,1553,11.1,2,,,,,,,,,,,,,,,,,,Chanos chanos
04_08_2019,32,SC,1,,Chromis margaritifer,3,8,,1553,11.1,2,,,,,,,,,,,,,,,,,,Chaetodon kleinii
04_08_2019,32,SC,1,,Pomacentrus coelestis,3,26,,1553,11.1,2,,,,,,,,,,,,,,,,,,Chromis lepidolepis
04_08_2019,32,SC,1,,Coris gaimard,30,1,TP,1553,11.1,2,,,,,,,,,,,,,,,,,,Chromis margaritifer
04_08_2019,32,SC,1,,Halichoeres ornatissimus,7,1,,1553,11.1,2,,,,,,,,,,,,,,,,,,Chromis atripes
04_08_2019,32,SC,1,,Halichoeres ornatissimus,4,8,,1553,11.1,2,,,,,,,,,,,,,,,,,,Chromis vanderbilti
04_08_2019,32,SC,1,,Labroides dimidiatus,5,3,,1553,11.1,2,,,,,,,,,,,,,,,,,,Chromis weberi
04_08_2019,32,SC,1,,Labroides dimidiatus,2,3,,1553,11.1,2,,,,,,,,,,,,,,,,,,Chromis xanthura
04_08_2019,32,SC,1,,Macropharyngodon meleagris,4,6,,1553,11.1,2,,,,,,,,,,,,,,,,,,Cirrhilabrus exquisitus
04_08_2019,32,SC,1,,Thalassoma amblycephalum,3,15,,1553,11.1,2,,,,,,,,,,,,,,,,,,Dascyllus auripinnis
04_08_2019,32,SC,1,,Chlorurus sordidus,6,2,juv,1553,11.1,2,,,,,,,,,,,,,,,,,,Decapterus macarellus
04_08_2019,32,SC,1,,Chlorurus sordidus,4,1,juv,1553,11.1,2,,,,,,,,,,,,,,,,,,Heniochus acuminatus
04_08_2019,32,SC,1,,Scarus tricolor,32,1,IP,1553,11.1,2,,,,,,,,,,,,,,,,,,Hemitaurichthys thompsoni
04_08_2019,32,SC,1,,Acanthurus nigricauda,30,5,,1553,11.1,2,,,,,,,,,,,,,,,,,,Lepidozygus tapeinosoma
04_08_2019,32,SC,1,,Acanthurus olivaceus,22,3,,1553,11.1,2,,,,,,,,,,,,,,,,,,Luzonichthys whitleyi
04_08_2019,32,SC,1,,Acanthurus triostegus,20,2,,1553,11.1,2,,,,,,,,,,,,,,,,,,Manta birostris
04_08_2019,32,SC,1,,Sufflamen chrysopterum,20,1,,1553,11.1,2,,,,,,,,,,,,,,,,,,Meiacanthus atrodorsalis
04_08_2019,32,SC,1,,Parupeneus multifasciatus,8,4,,1553,11.1,2,,,,,,,,,,,,,,,,,,Melichthys niger
04_08_2019,32,SC,1,,Canthigaster solandri,6,2,,1553,11.1,2,,,,,,,,,,,,,,,,,,Myripristis adusta
04_08_2019,32,SC,2,,Cirrhitichthys oxycephalus,4,5,,1611,10.5,2,,,,,,,,,,,,,,,,,,Myripristis amaena
04_08_2019,32,SC,2,,Cirrhitichthys oxycephalus,2,2,,1611,10.5,2,,,,,,,,,,,,,,,,,,Myripristis berndti
04_08_2019,32,SC,2,,Valenciennea strigata,5,2,,1611,10.5,2,,,,,,,,,,,,,,,,,,Myripristis earlei
04_08_2019,32,SC,2,,Plagiotremus tapeinosoma,5,2,,1611,10.5,2,,,,,,,,,,,,,,,,,,Myripristis kuntee
04_08_2019,32,SC,2,,Lutjanus gibbus,5,2,,1611,10.5,2,,,,,,,,,,,,,,,,,,Myripristis murdjan
04_08_2019,32,SC,2,,Lutjanus gibbus,7,1,,1611,10.5,2,,,,,,,,,,,,,,,,,,Naso annulatus
04_08_2019,32,SC,2,,gobiid sp,2,6,,1611,10.5,2,,,,,,,,,,,,,,,,,,Naso brevirostris
04_08_2019,32,SC,2,,Chromis margaritifer,3,3,,1611,10.5,2,,,,,,,,,,,,,,,,,,Naso hexacanthus
04_08_2019,32,SC,2,,Pomacentrus coelestis,4,15,,1611,10.5,2,,,,,,,,,,,,,,,,,,Naso vlamingii
04_08_2019,32,SC,2,,Pomacentrus coelestis,3,34,,1611,10.5,2,,,,,,,,,,,,,,,,,,Nematoeleotris magnifica
04_08_2019,32,SC,2,,Coris centralis,4,2,,1611,10.5,2,,,,,,,,,,,,,,,,,,Odonus niger
04_08_2019,32,SC,2,,Cirrhilabrus exquisitus,6,1,,1611,10.5,2,,,,,,,,,,,,,,,,,,Ostorhinchus angustatus
04_08_2019,32,SC,2,,Labroides dimidiatus,6,1,,1611,10.5,2,,,,,,,,,,,,,,,,,,Ostorhinchus apogonides
04_08_2019,32,SC,2,,Macropharyngodon meleagris,5,4,,1611,10.5,2,,,,,,,,,,,,,,,,,,Paracanthurus hepatus
04_08_2019,32,SC,2,,Macropharyngodon meleagris,2,3,,1611,10.5,2,,,,,,,,,,,,,,,,,,Pempheris oualensis
04_08_2019,32,SC,2,,Stethojulis bandanensis,4,2,,1611,10.5,2,,,,,,,,,,,,,,,,,,Plagiotremus rhinorhynchos
04_08_2019,32,SC,2,,Thalassoma amblycephalum,2,7,,1611,10.5,2,,,,,,,,,,,,,,,,,,Plagiotremus tapeinosoma
04_08_2019,32,SC,2,,Thalassoma amblycephalum,5,2,,1611,10.5,2,,,,,,,,,,,,,,,,,,Plagiotremis sp.
04_08_2019,32,SC,2,,Chlorurus sordidus,6,2,juv,1611,10.5,2,,,,,,,,,,,,,,,,,,Pomacentrus coelestis
04_08_2019,32,SC,2,,Scarus tricolor,40,1,TP,1611,10.5,2,,,,,,,,,,,,,,,,,,Priacanthus hamrur
04_08_2019,32,SC,2,,Acanthurus nigricauda,35,6,,1611,10.5,2,,,,,,,,,,,,,,,,,,Pseudanthias bartlettorum
04_08_2019,32,SC,2,,Acanthurus olivaceus,25,6,,1611,10.5,2,,,,,,,,,,,,,,,,,,Pseudanthias cooperi
04_08_2019,32,SC,2,,Acanthurus olivaceus,22,2,,1611,10.5,2,,,,,,,,,,,,,,,,,,Pseudanthias dispar
04_08_2019,32,SC,2,,Odonus niger,12,1,,1611,10.5,2,,,,,,,,,,,,,,,,,,Pseudocoris heteroptera
04_08_2019,32,SC,2,,Parupeneus barberinus,32,1,,1611,10.5,2,,,,,,,,,,,,,,,,,,Pseudanthias olivaceus
04_08_2019,32,SC,3,,Cephalopholis urodeta,6,1,,1629,9.8,2,,,,,,,,,,,,,,,,,,Pseudocheilinus tetrataenia
04_08_2019,32,SC,3,,Pseudanthias cooperi,4,3,,1629,9.8,2,,,,,,,,,,,,,,,,,,Pseudanthias sp
04_08_2019,32,SC,3,,Cirrhitichthys oxycephalus,5,4,,1629,9.8,2,,,,,,,,,,,,,,,,,,Pterocaesio lativittata
04_08_2019,32,SC,3,,Cirrhitichthys oxycephalus,3,3,,1629,9.8,2,,,,,,,,,,,,,,,,,,Pterocaesio sp.
04_08_2019,32,SC,3,,Valenciennea strigata,9,1,,1629,9.8,2,,,,,,,,,,,,,,,,,,Ptereleotris evides
04_08_2019,32,SC,3,,Valenciennea strigata,8,4,,1629,9.8,2,,,,,,,,,,,,,,,,,,Ptereleotris heteroptera
04_08_2019,32,SC,3,,Chromis margaritifer,3,1,,1629,9.8,2,,,,,,,,,,,,,,,,,,Pterocaesio lativittata
04_08_2019,32,SC,3,,Pomacentrus coelestis,2,7,,1629,9.8,2,,,,,,,,,,,,,,,,,,Ptereleotris magnifica
04_08_2019,32,SC,3,,Pomacentrus coelestis,3,33,,1629,9.8,2,,,,,,,,,,,,,,,,,,Ptereleotris microlepis
04_08_2019,32,SC,3,,Halichoeres trimaculatus,5,3,,1629,9.8,2,,,,,,,,,,,,,,,,,,Pterocaesio tile
04_08_2019,32,SC,3,,Coris centralis,5,1,,1629,9.8,2,,,,,,,,,,,,,,,,,,Ptereleotris zebra
04_08_2019,32,SC,3,,Coris centralis,2,1,,1629,9.8,2,,,,,,,,,,,,,,,,,,Ptereleotris sp
04_08_2019,32,SC,3,,Cirrhilabrus exquisitus,2,3,,1629,9.8,2,,,,,,,,,,,,,,,,,,Thalassoma amblycephalum
04_08_2019,32,SC,3,,Halichoeres ornatissimus,2,2,,1629,9.8,2,,,,,,,,,,,,,,,,,,Xanthichthys auromarginatus
04_08_2019,32,SC,3,,Labroides dimidiatus,3,1,,1629,9.8,2,,,,,,,,,,,,,,,,,,Xanthichthys caeruleolineatus
04_08_2019,32,SC,3,,Macropharyngodon meleagris,2,6,,1629,9.8,2,,,,,,,,,,,,,,,,,,Eviota cometa
04_08_2019,32,SC,3,,Macropharyngodon meleagris,4,4,,1629,9.8,2,,,,,,,,,,,,,,,,,,URCHIN
04_08_2019,32,SC,3,,Stethojulis bandanensis,3,11,,1629,9.8,2,,,,,,,,,,,,,,,,,,TURF
04_08_2019,32,SC,3,,Stethojulis bandanensis,5,8,,1629,9.8,2,,,,,,,,,,,,,,,,,,Halimedia
04_08_2019,32,SC,3,,Acanthurus nigricauda,28,2,,1629,9.8,2,,,,,,,,,,,,,,,,,,"Halimedia, small"
04_08_2019,32,SC,3,,Acanthurus olivaceus,24,6,,1629,9.8,2,,,,,,,,,,,,,,,,,,"Halimedia, large"
04_08_2019,32,SC,3,,Odonus niger,10,2,,1629,9.8,2,,,,,,,,,,,,,,,,,,Caulerpa
04_08_2019,32,SC,3,,Sufflamen chrysopterum,20,1,,1629,9.8,2,,,,,,,,,,,,,,,,,,Filter-53um
04_08_2019,32,SC,3,,Sufflamen chrysopterum,6,1,,1629,9.8,2,,,,,,,,,,,,,,,,,,Filter-100um
04_08_2019,32,SC,3,,Sufflamen fraenatum,4,1,,1629,9.8,2,,,,,,,,,,,,,,,,,,Filter-POM
04_08_2019,32,SC,3,,Parupeneus multifasciatus,10,2,,1629,9.8,2,,,,,,,,,,,,,,,,,,
09_08_2019,5,SC,1,,Cephalopholis argus,20,1,,838,9.8,2,,,,,,,,,,,,,,,,,,
09_08_2019,5,SC,1,,Cephalopholis urodeta,20,1,,838,9.8,2,,,,,,,,,,,,,,,,,,
09_08_2019,5,SC,1,,Pseudanthias olivaceus,4,30,,838,9.8,2,,,,,,,,,,,,,,,,,,
09_08_2019,5,SC,1,,Lutjanus bohar,22,2,,838,9.8,2,,,,,,,,,,,,,,,,,,
09_08_2019,5,SC,1,,Centropyge loricula,6,1,,838,9.8,2,,,,,,,,,,,,,,,,,,
09_08_2019,5,SC,1,,Centropyge flavissima,6,1,,838,9.8,2,,,,,,,,,,,,,,,,,,
09_08_2019,5,SC,1,,Chaetodon ulietensis,12,2,,838,9.8,2,,,,,,,,,,,,,,,,,,
09_08_2019,5,SC,1,,Chromis margaritifer,4,13,,838,9.8,2,,,,,,,,,,,,,,,,,,
09_08_2019,5,SC,1,,Chromis margaritifer,2,20,,838,9.8,2,,,,,,,,,,,,,,,,,,
09_08_2019,5,SC,1,,Chromis margaritifer,3,21,,838,9.8,2,,,,,,,,,,,,,,,,,,
09_08_2019,5,SC,1,,Chromis acares,2,10,,838,9.8,2,,,,,,,,,,,,,,,,,,
09_08_2019,5,SC,1,,Plectroglyphidodon dickii,3,4,,838,9.8,2,,,,,,,,,,,,,,,,,,
09_08_2019,5,SC,1,,Plectroglyphidodon dickii,4,2,,838,9.8,2,,,,,,,,,,,,,,,,,,
09_08_2019,5,SC,1,,Stegastes aureus,7,1,,838,9.8,2,,,,,,,,,,,,,,,,,,
09_08_2019,5,SC,1,,Gomphosus varius,5,2,,838,9.8,2,,,,,,,,,,,,,,,,,,
09_08_2019,5,SC,1,,Hemigymnus fasciatus,20,1,,838,9.8,2,,,,,,,,,,,,,,,,,,
09_08_2019,5,SC,1,,Pseudocheilinus hexataenia,5,1,,838,9.8,2,,,,,,,,,,,,,,,,,,
09_08_2019,5,SC,1,,Thalassoma amblycephalum,4,20,,838,9.8,2,,,,,,,,,,,,,,,,,,
09_08_2019,5,SC,1,,Thalassoma amblycephalum,2,30,,838,9.8,2,,,,,,,,,,,,,,,,,,
09_08_2019,5,SC,1,,Chlorurus sordidus,40,1,TP,838,9.8,2,,,,,,,,,,,,,,,,,,
09_08_2019,5,SC,1,,Chlorurus sordidus,25,1,IP,838,9.8,2,,,,,,,,,,,,,,,,,,
09_08_2019,5,SC,1,,Chlorurus sordidus,18,3,IP,838,9.8,2,,,,,,,,,,,,,,,,,,
09_08_2019,5,SC,1,,Scarus frenatus,25,1,IP,838,9.8,2,,,,,,,,,,,,,,,,,,
09_08_2019,5,SC,1,,Scarus rubroviolaceus,45,1,TP,838,9.8,2,,,,,,,,,,,,,,,,,,
09_08_2019,5,SC,1,,Scarus rubroviolaceus,40,1,IP,838,9.8,2,,,,,,,,,,,,,,,,,,
09_08_2019,5,SC,1,,Acanthurus nigricans,20,4,,838,9.8,2,,,,,,,,,,,,,,,,,,
09_08_2019,5,SC,1,,Acanthurus nigricans,16,2,,838,9.8,2,,,,,,,,,,,,,,,,,,
09_08_2019,5,SC,1,,Acanthurus nigricans,13,2,,838,9.8,2,,,,,,,,,,,,,,,,,,
09_08_2019,5,SC,1,,Ctenochaetus marginatus,8,1,,838,9.8,2,,,,,,,,,,,,,,,,,,
09_08_2019,5,SC,1,,Ctenochaetus marginatus,18,2,,838,9.8,2,,,,,,,,,,,,,,,,,,
09_08_2019,5,SC,1,,Ctenochaetus marginatus,12,8,,838,9.8,2,,,,,,,,,,,,,,,,,,
09_08_2019,5,SC,1,,Ctenochaetus marginatus,10,5,,838,9.8,2,,,,,,,,,,,,,,,,,,
09_08_2019,5,SC,1,,Parupeneus multifasciatus,18,1,,838,9.8,2,,,,,,,,,,,,,,,,,,
09_08_2019,5,SC,1,,Pempheris oualensis,18,2,,838,9.8,2,,,,,,,,,,,,,,,,,,
09_08_2019,5,SC,2,,Myripristis berndti,22,6,,854,9.8,2,,,,,,,,,,,,,,,,,,
09_08_2019,5,SC,2,,Sargocentron tiere,20,1,,854,9.8,2,,,,,,,,,,,,,,,,,,
09_08_2019,5,SC,2,,Cephalopholis argus,36,1,,854,9.8,2,,,,,,,,,,,,,,,,,,
09_08_2019,5,SC,2,,Pseudanthias dispar,4,3,,854,9.8,2,,,,,,,,,,,,,,,,,,
09_08_2019,5,SC,2,,Pseudanthias olivaceus,4,40,,854,9.8,2,,,,,,,,,,,,,,,,,,
09_08_2019,5,SC,2,,Paracirrhites forsteri,7,1,,854,9.8,2,,,,,,,,,,,,,,,,,,
09_08_2019,5,SC,2,,Centropyge loricula,5,1,,854,9.8,2,,,,,,,,,,,,,,,,,,
09_08_2019,5,SC,2,,Chromis margaritifer,4,13,,854,9.8,2,,,,,,,,,,,,,,,,,,
09_08_2019,5,SC,2,,Chromis margaritifer,3,25,,854,9.8,2,,,,,,,,,,,,,,,,,,
09_08_2019,5,SC,2,,Chromis margaritifer,2,19,,854,9.8,2,,,,,,,,,,,,,,,,,,
09_08_2019,5,SC,2,,Chromis vanderbilti,2,45,,854,9.8,2,,,,,,,,,,,,,,,,,,
09_08_2019,5,SC,2,,Chromis xanthura,7,40,,854,9.8,2,,,,,,,,,,,,,,,,,,
09_08_2019,5,SC,2,,Stegastes aureus,6,1,,854,9.8,2,,,,,,,,,,,,,,,,,,
09_08_2019,5,SC,2,,Gomphosus varius,2,2,,854,9.8,2,,,,,,,,,,,,,,,,,,
09_08_2019,5,SC,2,,Labroides dimidiatus,2,1,,854,9.8,2,,,,,,,,,,,,,,,,,,
09_08_2019,5,SC,2,,Labroides rubrolabiatus,6,3,,854,9.8,2,,,,,,,,,,,,,,,,,,
09_08_2019,5,SC,2,,Labroides rubrolabiatus,4,2,,854,9.8,2,,,,,,,,,,,,,,,,,,
09_08_2019,5,SC,2,,Oxycheilinus unifasciatus,18,1,IP,854,9.8,2,,,,,,,,,,,,,,,,,,
09_08_2019,5,SC,2,,Pseudocheilinus hexataenia,4,3,,854,9.8,2,,,,,,,,,,,,,,,,,,
09_08_2019,5,SC,2,,Thalassoma amblycephalum,2,40,,854,9.8,2,,,,,,,,,,,,,,,,,,
09_08_2019,5,SC,2,,Chlorurus sordidus,35,1,TP,854,9.8,2,,,,,,,,,,,,,,,,,,
09_08_2019,5,SC,2,,Chlorurus sordidus,24,2,IP,854,9.8,2,,,,,,,,,,,,,,,,,,
09_08_2019,5,SC,2,,Chlorurus sordidus,6,1,juv,854,9.8,2,,,,,,,,,,,,,,,,,,
09_08_2019,5,SC,2,,Chlorurus sordidus,18,1,IP,854,9.8,2,,,,,,,,,,,,,,,,,,
09_08_2019,5,SC,2,,Acanthurus nigricans,20,5,,854,9.8,2,,,,,,,,,,,,,,,,,,
09_08_2019,5,SC,2,,Acanthurus nigricans,15,6,,854,9.8,2,,,,,,,,,,,,,,,,,,
09_08_2019,5,SC,2,,Ctenochaetus marginatus,20,2,,854,9.8,2,,,,,,,,,,,,,,,,,,
09_08_2019,5,SC,2,,Ctenochaetus marginatus,14,7,,854,9.8,2,,,,,,,,,,,,,,,,,,
09_08_2019,5,SC,2,,Ctenochaetus marginatus,16,4,,854,9.8,2,,,,,,,,,,,,,,,,,,
09_08_2019,5,SC,2,,Ctenochaetus striatus,12,7,,854,9.8,2,,,,,,,,,,,,,,,,,,
09_08_2019,5,SC,2,,Ctenochaetus striatus,15,3,,854,9.8,2,,,,,,,,,,,,,,,,,,
09_08_2019,5,SC,3,,Myripristis berndti,22,2,,910,10.8,2,,,,,,,,,,,,,,,,,,
09_08_2019,5,SC,3,,Cephalopholis argus,25,1,,910,10.8,2,,,,,,,,,,,,,,,,,,
09_08_2019,5,SC,3,,Pseudanthias dispar,4,30,,910,10.8,2,,,,,,,,,,,,,,,,,,
09_08_2019,5,SC,3,,Pseudanthias olivaceus,4,23,,910,10.8,2,,,,,,,,,,,,,,,,,,
09_08_2019,5,SC,3,,Pseudanthias olivaceus,3,40,,910,10.8,2,,,,,,,,,,,,,,,,,,
09_08_2019,5,SC,3,,Paracirrhites forsteri,8,1,,910,10.8,2,,,,,,,,,,,,,,,,,,
09_08_2019,5,SC,3,,Paracirrhites forsteri,6,1,,910,10.8,2,,,,,,,,,,,,,,,,,,
09_08_2019,5,SC,3,,Lutjanus bohar,22,1,,910,10.8,2,,,,,,,,,,,,,,,,,,
09_08_2019,5,SC,3,,Plagiotremus tapeinosoma,4,1,,910,10.8,2,,,,,,,,,,,,,,,,,,
09_08_2019,5,SC,3,,Centropyge loricula,5,1,,910,10.8,2,,,,,,,,,,,,,,,,,,
09_08_2019,5,SC,3,,Centropyge flavissima,5,1,,910,10.8,2,,,,,,,,,,,,,,,,,,
09_08_2019,5,SC,3,,Chromis margaritifer,4,25,,910,10.8,2,,,,,,,,,,,,,,,,,,
09_08_2019,5,SC,3,,Chromis margaritifer,2,17,,910,10.8,2,,,,,,,,,,,,,,,,,,
09_08_2019,5,SC,3,,Chromis margaritifer,3,30,,910,10.8,2,,,,,,,,,,,,,,,,,,
09_08_2019,5,SC,3,,Chromis vanderbilti,3,53,,910,10.8,2,,,,,,,,,,,,,,,,,,
09_08_2019,5,SC,3,,Chromis acares,2,12,,910,10.8,2,,,,,,,,,,,,,,,,,,
09_08_2019,5,SC,3,,Stegastes aureus,6,2,,910,10.8,2,,,,,,,,,,,,,,,,,,
09_08_2019,5,SC,3,,Pseudodax moluccanus,24,2,,910,10.8,2,,,,,,,,,,,,,,,,,,
09_08_2019,5,SC,3,,Gomphosus varius,2,2,,910,10.8,2,,,,,,,,,,,,,,,,,,
09_08_2019,5,SC,3,,Gomphosus varius,3,1,,910,10.8,2,,,,,,,,,,,,,,,,,,
09_08_2019,5,SC,3,,Gomphosus varius,5,7,,910,10.8,2,,,,,,,,,,,,,,,,,,
09_08_2019,5,SC,3,,Halichoeres ornatissimus,6,1,,910,10.8,2,,,,,,,,,,,,,,,,,,
09_08_2019,5,SC,3,,Labroides dimidiatus,5,2,,910,10.8,2,,,,,,,,,,,,,,,,,,
09_08_2019,5,SC,3,,Labroides dimidiatus,7,2,,910,10.8,2,,,,,,,,,,,,,,,,,,
09_08_2019,5,SC,3,,Thalassoma amblycephalum,3,34,,910,10.8,2,,,,,,,,,,,,,,,,,,
09_08_2019,5,SC,3,,Thalassoma amblycephalum,2,15,,910,10.8,2,,,,,,,,,,,,,,,,,,
09_08_2019,5,SC,3,,Calotomus carolinus,25,2,IP,910,10.8,2,,,,,,,,,,,,,,,,,,
09_08_2019,5,SC,3,,Chlorurus sordidus,32,1,TP,910,10.8,2,,,,,,,,,,,,,,,,,,
09_08_2019,5,SC,3,,Chlorurus sordidus,22,3,IP,910,10.8,2,,,,,,,,,,,,,,,,,,
09_08_2019,5,SC,3,,Acanthurus nigricans,20,5,,910,10.8,2,,,,,,,,,,,,,,,,,,
09_08_2019,5,SC,3,,Acanthurus nigricans,12,3,,910,10.8,2,,,,,,,,,,,,,,,,,,
09_08_2019,5,SC,3,,Acanthurus nigricauda,24,1,,910,10.8,2,,,,,,,,,,,,,,,,,,
09_08_2019,5,SC,3,,Ctenochaetus marginatus,20,1,,910,10.8,2,,,,,,,,,,,,,,,,,,
09_08_2019,5,SC,3,,Ctenochaetus striatus,20,2,,910,10.8,2,,,,,,,,,,,,,,,,,,
09_08_2019,5,SC,3,,Ctenochaetus striatus,13,3,,910,10.8,2,,,,,,,,,,,,,,,,,,
09_08_2019,5,SC,3,,Ctenochaetus striatus,16,2,,910,10.8,2,,,,,,,,,,,,,,,,,,